{
  "school": {
    "id": 75740,
    "name": "Sherman",
    "address": "65912 HIGH SCHOOL LP",
    "zipCode": "97039",
    "lowestGrade": "7",
    "highestGrade": "12",
    "encryptedUri": null,
    "expireDate": null,
    "logo": "school_75740.png",
    "createdAt": "2020-02-11T06:38:50.000Z",
    "updatedAt": "2026-01-15T15:54:23.000Z",
    "deletedAt": null,
    "cityId": 12188,
    "city": {
      "id": 12188,
      "name": "Moro",
      "stateId": 46,
      "state": {
        "name": "Oregon",
        "abbr": "OR"
      }
    }
  },
  "coaches": [
    {
      "id": 2833,
      "firstName": "Elizabeth",
      "lastName": "Petersen",
      "address": "65912 High School Loop",
      "phone": "(503) 565-3500",
      "email": "epetersen@sherman.k12.or.us",
      "division": "4A/3A/",
      "schoolId": 75740,
      "genderId": 1
    }
  ],
  "overallRecord": {
    "win": 2,
    "loss": 1,
    "tie": 0
  },
  "meets": [
    {
      "id": 174780,
      "title": "Event (SD4/5A-2/6A-5-DISTRICT). 4A/3A/2A/1A-SD 4  ",
      "meetDateTime": "2024-05-09T00:03:23.000Z",
      "postSeason": true,
      "approveMeet": true,
      "eventId": 522,
      "winnerSchoolId": null,
      "coach": null,
      "schools": {
        "winners": [
          {
            "id": 74940,
            "name": "Crook County",
            "logo": "school_74940.png",
            "score": 26,
            "winnerSchoolId": null
          }
        ],
        "losers": [
          {
            "id": 75153,
            "name": "Madras",
            "logo": "school_75153.png",
            "score": 9,
            "winnerSchoolId": null
          },
          {
            "id": 75764,
            "name": "Sisters",
            "logo": "school_75764.png",
            "score": 8,
            "winnerSchoolId": null
          },
          {
            "id": 74671,
            "name": "The Dalles",
            "logo": "school_74671.png",
            "score": 6,
            "winnerSchoolId": null
          },
          {
            "id": 75339,
            "name": "Riverside",
            "logo": "school_75339.png",
            "score": 4,
            "winnerSchoolId": null
          },
          {
            "id": 75341,
            "name": "Irrigon",
            "logo": "school_75341.png",
            "score": 3,
            "winnerSchoolId": null
          },
          {
            "id": 75865,
            "name": "Umatilla",
            "logo": "school_75865.png",
            "score": 3,
            "winnerSchoolId": null
          },
          {
            "id": 74707,
            "name": "Arlington",
            "logo": "school_74707.png",
            "score": 1,
            "winnerSchoolId": null
          },
          {
            "id": 74665,
            "name": "Ione-Heppner",
            "logo": "school_74665.png",
            "score": 0,
            "winnerSchoolId": null
          },
          {
            "id": 74901,
            "name": "Condon",
            "logo": "school_74901.png",
            "score": 0,
            "winnerSchoolId": null
          },
          {
            "id": 75740,
            "name": "Sherman",
            "logo": "school_75740.png",
            "score": 0,
            "winnerSchoolId": null
          }
        ]
      },
      "matches": {
        "Doubles": [
          {
            "sets": [
              {
                "2249129": 1,
                "2249130": 6,
                "number": 1,
                "tie": null
              },
              {
                "2249129": 1,
                "2249130": 6,
                "number": 2,
                "tie": null
              }
            ],
            "id": 1124581,
            "flight": "1",
            "matchType": "Doubles",
            "finish": null,
            "winnerTeamId": 2249130,
            "genderId": 1,
            "isNotVarsity": false,
            "matchTeams": [
              {
                "id": 2249129,
                "isWinner": false,
                "players": [
                  {
                    "id": 121391,
                    "firstName": "Killian",
                    "lastName": "Takagi",
                    "grade": "12",
                    "genderId": 1,
                    "schoolId": 74901,
                    "updatedAt": "2025-06-18T18:37:50.000Z",
                    "graduatedDate": null,
                    "school": {
                      "name": "Condon",
                      "logo": "school_74901.png"
                    },
                    "matchTeamPlayer": {
                      "position": 2
                    }
                  },
                  {
                    "id": 121392,
                    "firstName": "Alec",
                    "lastName": "Jamieson",
                    "grade": "12",
                    "genderId": 1,
                    "schoolId": 74901,
                    "updatedAt": "2025-06-18T18:37:50.000Z",
                    "graduatedDate": null,
                    "school": {
                      "name": "Condon",
                      "logo": "school_74901.png"
                    },
                    "matchTeamPlayer": {
                      "position": 1
                    }
                  }
                ]
              },
              {
                "id": 2249130,
                "isWinner": true,
                "players": [
                  {
                    "id": 122917,
                    "firstName": "Brody",
                    "lastName": "Leonard",
                    "grade": "Graduated",
                    "genderId": 1,
                    "schoolId": 75153,
                    "updatedAt": "2025-06-18T18:37:50.000Z",
                    "graduatedDate": "2025-06-18T18:44:19.000Z",
                    "school": {
                      "name": "Madras",
                      "logo": "school_75153.png"
                    },
                    "matchTeamPlayer": {
                      "position": 2
                    }
                  },
                  {
                    "id": 122918,
                    "firstName": "Emmanuel \"Manny\"",
                    "lastName": "Mesina",
                    "grade": "12",
                    "genderId": 1,
                    "schoolId": 75153,
                    "updatedAt": "2025-06-18T18:37:50.000Z",
                    "graduatedDate": null,
                    "school": {
                      "name": "Madras",
                      "logo": "school_75153.png"
                    },
                    "matchTeamPlayer": {
                      "position": 1
                    }
                  }
                ]
              }
            ]
          },
          {
            "sets": [
              {
                "2249131": 6,
                "2249132": 1,
                "number": 1,
                "tie": null
              },
              {
                "2249131": 6,
                "2249132": 0,
                "number": 2,
                "tie": null
              }
            ],
            "id": 1124582,
            "flight": "1",
            "matchType": "Doubles",
            "finish": null,
            "winnerTeamId": 2249131,
            "genderId": 1,
            "isNotVarsity": false,
            "matchTeams": [
              {
                "id": 2249131,
                "isWinner": true,
                "players": [
                  {
                    "id": 125070,
                    "firstName": "Carter",
                    "lastName": "Randall",
                    "grade": "Graduated",
                    "genderId": 1,
                    "schoolId": 74671,
                    "updatedAt": "2025-06-18T18:37:50.000Z",
                    "graduatedDate": "2023-03-24T23:19:41.000Z",
                    "school": {
                      "name": "The Dalles",
                      "logo": "school_74671.png"
                    },
                    "matchTeamPlayer": {
                      "position": 1
                    }
                  },
                  {
                    "id": 125072,
                    "firstName": "Bryson",
                    "lastName": "Seibert",
                    "grade": "Graduated",
                    "genderId": 1,
                    "schoolId": 74671,
                    "updatedAt": "2025-06-18T18:37:50.000Z",
                    "graduatedDate": "2023-03-24T23:19:36.000Z",
                    "school": {
                      "name": "The Dalles",
                      "logo": "school_74671.png"
                    },
                    "matchTeamPlayer": {
                      "position": 2
                    }
                  }
                ]
              },
              {
                "id": 2249132,
                "isWinner": false,
                "players": [
                  {
                    "id": 143448,
                    "firstName": "Briar",
                    "lastName": "Reeves",
                    "grade": "Graduated",
                    "genderId": 1,
                    "schoolId": 75341,
                    "updatedAt": "2025-06-18T18:37:50.000Z",
                    "graduatedDate": "2024-03-13T14:48:44.000Z",
                    "school": {
                      "name": "Irrigon",
                      "logo": "school_75341.png"
                    },
                    "matchTeamPlayer": {
                      "position": 2
                    }
                  },
                  {
                    "id": 143449,
                    "firstName": "Zach",
                    "lastName": "Cain",
                    "grade": "12",
                    "genderId": 1,
                    "schoolId": 75341,
                    "updatedAt": "2025-06-18T18:37:50.000Z",
                    "graduatedDate": null,
                    "school": {
                      "name": "Irrigon",
                      "logo": "school_75341.png"
                    },
                    "matchTeamPlayer": {
                      "position": 1
                    }
                  }
                ]
              }
            ]
          },
          {
            "sets": [
              {
                "2249133": 6,
                "2249134": 1,
                "number": 1,
                "tie": null
              },
              {
                "2249133": 6,
                "2249134": 2,
                "number": 2,
                "tie": null
              }
            ],
            "id": 1124583,
            "flight": "1",
            "matchType": "Doubles",
            "finish": null,
            "winnerTeamId": 2249133,
            "genderId": 1,
            "isNotVarsity": false,
            "matchTeams": [
              {
                "id": 2249133,
                "isWinner": true,
                "players": [
                  {
                    "id": 121026,
                    "firstName": "Joshua",
                    "lastName": "Mendoza Lemus",
                    "grade": "Graduated",
                    "genderId": 1,
                    "schoolId": 75865,
                    "updatedAt": "2025-06-18T18:37:50.000Z",
                    "graduatedDate": "2025-06-18T18:44:19.000Z",
                    "school": {
                      "name": "Umatilla",
                      "logo": "school_75865.png"
                    },
                    "matchTeamPlayer": {
                      "position": 1
                    }
                  },
                  {
                    "id": 121029,
                    "firstName": "Abel",
                    "lastName": "Medrano",
                    "grade": "Graduated",
                    "genderId": 1,
                    "schoolId": 75865,
                    "updatedAt": "2025-06-18T18:37:50.000Z",
                    "graduatedDate": "2023-03-02T19:49:56.000Z",
                    "school": {
                      "name": "Umatilla",
                      "logo": "school_75865.png"
                    },
                    "matchTeamPlayer": {
                      "position": 2
                    }
                  }
                ]
              },
              {
                "id": 2249134,
                "isWinner": false,
                "players": [
                  {
                    "id": 123165,
                    "firstName": "Ramiro",
                    "lastName": "Arredondo",
                    "grade": "Graduated",
                    "genderId": 1,
                    "schoolId": 75341,
                    "updatedAt": "2025-06-18T18:37:50.000Z",
                    "graduatedDate": "2025-06-18T18:44:19.000Z",
                    "school": {
                      "name": "Irrigon",
                      "logo": "school_75341.png"
                    },
                    "matchTeamPlayer": {
                      "position": 2
                    }
                  },
                  {
                    "id": 125057,
                    "firstName": "Armando",
                    "lastName": "Munoz",
                    "grade": "Graduated",
                    "genderId": 1,
                    "schoolId": 75341,
                    "updatedAt": "2025-06-18T18:37:50.000Z",
                    "graduatedDate": "2025-06-18T18:44:19.000Z",
                    "school": {
                      "name": "Irrigon",
                      "logo": "school_75341.png"
                    },
                    "matchTeamPlayer": {
                      "position": 1
                    }
                  }
                ]
              }
            ]
          }
        ],
        "Singles": [
          {
            "sets": [
              {
                "2249173": 6,
                "2249174": 2,
                "number": 1,
                "tie": null
              },
              {
                "2249173": 6,
                "2249174": 1,
                "number": 2,
                "tie": null
              }
            ],
            "id": 1124603,
            "flight": "1",
            "matchType": "Singles",
            "finish": null,
            "winnerTeamId": 2249173,
            "genderId": 1,
            "isNotVarsity": false,
            "matchTeams": [
              {
                "id": 2249173,
                "isWinner": true,
                "players": [
                  {
                    "id": 125068,
                    "firstName": "Hector",
                    "lastName": "Moralez",
                    "grade": "Graduated",
                    "genderId": 1,
                    "schoolId": 74671,
                    "updatedAt": "2025-06-18T18:37:50.000Z",
                    "graduatedDate": "2023-03-24T23:19:46.000Z",
                    "school": {
                      "name": "The Dalles",
                      "logo": "school_74671.png"
                    },
                    "matchTeamPlayer": {
                      "position": 1
                    }
                  }
                ]
              },
              {
                "id": 2249174,
                "isWinner": false,
                "players": [
                  {
                    "id": 100998,
                    "firstName": "Phillip",
                    "lastName": "Arthur",
                    "grade": "Graduated",
                    "genderId": 1,
                    "schoolId": 75153,
                    "updatedAt": "2025-06-18T18:37:50.000Z",
                    "graduatedDate": "2022-03-12T21:33:18.000Z",
                    "school": {
                      "name": "Madras",
                      "logo": "school_75153.png"
                    },
                    "matchTeamPlayer": {
                      "position": 1
                    }
                  }
                ]
              }
            ]
          },
          {
            "sets": [
              {
                "2249175": 1,
                "2249176": 6,
                "number": 1,
                "tie": null
              },
              {
                "2249175": 0,
                "2249176": 6,
                "number": 2,
                "tie": null
              }
            ],
            "id": 1124604,
            "flight": "1",
            "matchType": "Singles",
            "finish": null,
            "winnerTeamId": 2249176,
            "genderId": 1,
            "isNotVarsity": false,
            "matchTeams": [
              {
                "id": 2249175,
                "isWinner": false,
                "players": [
                  {
                    "id": 100966,
                    "firstName": "Michael",
                    "lastName": "McElligott",
                    "grade": "Graduated",
                    "genderId": 1,
                    "schoolId": 74665,
                    "updatedAt": "2025-06-18T18:37:50.000Z",
                    "graduatedDate": "2025-06-18T18:44:19.000Z",
                    "school": {
                      "name": "Ione-Heppner",
                      "logo": "school_74665.png"
                    },
                    "matchTeamPlayer": {
                      "position": 1
                    }
                  }
                ]
              },
              {
                "id": 2249176,
                "isWinner": true,
                "players": [
                  {
                    "id": 121240,
                    "firstName": "Gale (JR)",
                    "lastName": "Foster",
                    "grade": "Graduated",
                    "genderId": 1,
                    "schoolId": 74707,
                    "updatedAt": "2025-06-18T18:37:50.000Z",
                    "graduatedDate": "2025-06-18T18:44:19.000Z",
                    "school": {
                      "name": "Arlington",
                      "logo": "school_74707.png"
                    },
                    "matchTeamPlayer": {
                      "position": 1
                    }
                  }
                ]
              }
            ]
          },
          {
            "sets": [
              {
                "2249371": 2,
                "2249372": 0,
                "number": 1,
                "tie": null
              },
              {
                "2249371": 2,
                "2249372": 0,
                "number": 2,
                "tie": null
              },
              {
                "2249371": null,
                "2249372": null,
                "number": 3,
                "tie": null
              }
            ],
            "id": 1124702,
            "flight": "1",
            "matchType": "Singles",
            "finish": "Default",
            "winnerTeamId": 2249371,
            "genderId": 1,
            "isNotVarsity": false,
            "matchTeams": [
              {
                "id": 2249371,
                "isWinner": true,
                "players": [
                  {
                    "id": 100999,
                    "firstName": "Keith",
                    "lastName": "Charley III",
                    "grade": "Graduated",
                    "genderId": 1,
                    "schoolId": 75153,
                    "updatedAt": "2025-06-18T18:37:50.000Z",
                    "graduatedDate": "2022-03-12T21:33:36.000Z",
                    "school": {
                      "name": "Madras",
                      "logo": "school_75153.png"
                    },
                    "matchTeamPlayer": {
                      "position": 1
                    }
                  }
                ]
              },
              {
                "id": 2249372,
                "isWinner": false,
                "players": [
                  {
                    "id": 98764,
                    "firstName": "Liam",
                    "lastName": "Early",
                    "grade": "Graduated",
                    "genderId": 1,
                    "schoolId": 75865,
                    "updatedAt": "2025-06-18T18:37:50.000Z",
                    "graduatedDate": "2025-06-18T18:44:19.000Z",
                    "school": {
                      "name": "Umatilla",
                      "logo": "school_75865.png"
                    },
                    "matchTeamPlayer": {
                      "position": 1
                    }
                  }
                ]
              }
            ]
          }
        ]
      },
      "event": {
        "id": 522,
        "bracketType": 32,
        "name": "SD4/5A-2/6A-5-DISTRICT",
        "logo": null
      }
    },
    {
      "id": 166489,
      "title": "Irrigon vs. Sherman County",
      "meetDateTime": "2024-04-02T07:00:00.000Z",
      "postSeason": false,
      "approveMeet": true,
      "eventId": null,
      "winnerSchoolId": null,
      "coach": {
        "schoolId": 75341,
        "firstName": "Katrina",
        "lastName": "VanderPloeg",
        "genderId": 1,
        "email": "katrina.vanderploeg@morrowsd.org",
        "phone": "(541) 806-3594",
        "school": {
          "name": "Irrigon",
          "logo": "school_75341.png"
        }
      },
      "schools": {
        "winners": [
          {
            "id": 75341,
            "name": "Irrigon",
            "logo": "school_75341.png",
            "score": 1,
            "winnerSchoolId": null
          }
        ],
        "losers": [
          {
            "id": 75740,
            "name": "Sherman",
            "logo": "school_75740.png",
            "score": 0,
            "winnerSchoolId": null
          }
        ]
      },
      "matches": {
        "Singles": [
          {
            "sets": [
              {
                "2095090": 5,
                "2095091": 1,
                "number": 1,
                "tie": null
              }
            ],
            "id": 1047560,
            "flight": "1",
            "matchType": "Singles",
            "finish": null,
            "winnerTeamId": 2095090,
            "genderId": 1,
            "isNotVarsity": false,
            "matchTeams": [
              {
                "id": 2095090,
                "isWinner": true,
                "players": [
                  {
                    "id": 123170,
                    "firstName": "Shane",
                    "lastName": "Issel",
                    "grade": "Graduated",
                    "genderId": 1,
                    "schoolId": 75341,
                    "updatedAt": "2025-06-18T18:37:50.000Z",
                    "graduatedDate": "2025-06-18T18:44:19.000Z",
                    "school": {
                      "name": "Irrigon",
                      "logo": "school_75341.png"
                    },
                    "matchTeamPlayer": {
                      "position": 1
                    }
                  }
                ]
              },
              {
                "id": 2095091,
                "isWinner": false,
                "players": [
                  {
                    "id": 98849,
                    "firstName": "Alvaro ",
                    "lastName": "Ambriz",
                    "grade": "Graduated",
                    "genderId": 1,
                    "schoolId": 75740,
                    "updatedAt": "2025-06-18T18:37:50.000Z",
                    "graduatedDate": "2025-06-18T18:44:19.000Z",
                    "school": {
                      "name": "Sherman",
                      "logo": "school_75740.png"
                    },
                    "matchTeamPlayer": {
                      "position": 1
                    }
                  }
                ]
              }
            ]
          }
        ]
      },
      "event": null
    },
    {
      "id": 165715,
      "title": "Riverside vs Sherman County ",
      "meetDateTime": "2024-03-19T07:00:00.000Z",
      "postSeason": false,
      "approveMeet": true,
      "eventId": null,
      "winnerSchoolId": null,
      "coach": {
        "schoolId": 75339,
        "firstName": "Tyler",
        "lastName": "Volpi",
        "genderId": 1,
        "email": "tyler.volpi@morrowsd.org",
        "phone": "(850) 348-1304",
        "school": {
          "name": "Riverside",
          "logo": "school_75339.png"
        }
      },
      "schools": {
        "winners": [
          {
            "id": 75740,
            "name": "Sherman",
            "logo": "school_75740.png",
            "score": 2,
            "winnerSchoolId": null
          }
        ],
        "losers": [
          {
            "id": 75339,
            "name": "Riverside",
            "logo": "school_75339.png",
            "score": 0,
            "winnerSchoolId": null
          }
        ]
      },
      "matches": {
        "Singles": [
          {
            "sets": [
              {
                "2084014": 2,
                "2084015": 8,
                "number": 1,
                "tie": null
              }
            ],
            "id": 1042022,
            "flight": "1",
            "matchType": "Singles",
            "finish": null,
            "winnerTeamId": 2084015,
            "genderId": 1,
            "isNotVarsity": false,
            "matchTeams": [
              {
                "id": 2084014,
                "isWinner": false,
                "players": [
                  {
                    "id": 142056,
                    "firstName": "Liam ",
                    "lastName": "Heideman",
                    "grade": "Graduated",
                    "genderId": 1,
                    "schoolId": 75339,
                    "updatedAt": "2025-06-18T18:37:50.000Z",
                    "graduatedDate": "2025-06-18T18:44:19.000Z",
                    "school": {
                      "name": "Riverside",
                      "logo": "school_75339.png"
                    },
                    "matchTeamPlayer": {
                      "position": 1
                    }
                  }
                ]
              },
              {
                "id": 2084015,
                "isWinner": true,
                "players": [
                  {
                    "id": 98849,
                    "firstName": "Alvaro ",
                    "lastName": "Ambriz",
                    "grade": "Graduated",
                    "genderId": 1,
                    "schoolId": 75740,
                    "updatedAt": "2025-06-18T18:37:50.000Z",
                    "graduatedDate": "2025-06-18T18:44:19.000Z",
                    "school": {
                      "name": "Sherman",
                      "logo": "school_75740.png"
                    },
                    "matchTeamPlayer": {
                      "position": 1
                    }
                  }
                ]
              }
            ]
          },
          {
            "sets": [
              {
                "2084016": 0,
                "2084017": 8,
                "number": 1,
                "tie": null
              }
            ],
            "id": 1042023,
            "flight": "2",
            "matchType": "Singles",
            "finish": null,
            "winnerTeamId": 2084017,
            "genderId": 1,
            "isNotVarsity": false,
            "matchTeams": [
              {
                "id": 2084016,
                "isWinner": false,
                "players": [
                  {
                    "id": 121494,
                    "firstName": "Antonio",
                    "lastName": "Cuevas",
                    "grade": "Graduated",
                    "genderId": 1,
                    "schoolId": 75339,
                    "updatedAt": "2025-06-18T18:37:50.000Z",
                    "graduatedDate": "2025-06-18T18:44:19.000Z",
                    "school": {
                      "name": "Riverside",
                      "logo": "school_75339.png"
                    },
                    "matchTeamPlayer": {
                      "position": 1
                    }
                  }
                ]
              },
              {
                "id": 2084017,
                "isWinner": true,
                "players": [
                  {
                    "id": 98849,
                    "firstName": "Alvaro ",
                    "lastName": "Ambriz",
                    "grade": "Graduated",
                    "genderId": 1,
                    "schoolId": 75740,
                    "updatedAt": "2025-06-18T18:37:50.000Z",
                    "graduatedDate": "2025-06-18T18:44:19.000Z",
                    "school": {
                      "name": "Sherman",
                      "logo": "school_75740.png"
                    },
                    "matchTeamPlayer": {
                      "position": 1
                    }
                  }
                ]
              }
            ]
          }
        ]
      },
      "event": null
    },
    {
      "id": 165111,
      "title": "Ione vs. Sherman County",
      "meetDateTime": "2024-03-12T07:00:00.000Z",
      "postSeason": false,
      "approveMeet": true,
      "eventId": null,
      "winnerSchoolId": null,
      "coach": {
        "schoolId": 74665,
        "firstName": "Maureen",
        "lastName": "McElligott",
        "genderId": 1,
        "email": "maureenm@dcjllc.com",
        "phone": "(541) 422-7131",
        "school": {
          "name": "Ione-Heppner",
          "logo": "school_74665.png"
        }
      },
      "schools": {
        "winners": [
          {
            "id": 75740,
            "name": "Sherman",
            "logo": "school_75740.png",
            "score": 2,
            "winnerSchoolId": null
          }
        ],
        "losers": [
          {
            "id": 74665,
            "name": "Ione-Heppner",
            "logo": "school_74665.png",
            "score": 0,
            "winnerSchoolId": null
          }
        ]
      },
      "matches": {
        "Singles": [
          {
            "sets": [
              {
                "2074644": 0,
                "2074645": 8,
                "number": 1,
                "tie": null
              }
            ],
            "id": 1037337,
            "flight": "1",
            "matchType": "Singles",
            "finish": null,
            "winnerTeamId": 2074645,
            "genderId": 1,
            "isNotVarsity": false,
            "matchTeams": [
              {
                "id": 2074644,
                "isWinner": false,
                "players": [
                  {
                    "id": 100968,
                    "firstName": "Kyle",
                    "lastName": "McGill",
                    "grade": "Graduated",
                    "genderId": 1,
                    "schoolId": 74665,
                    "updatedAt": "2025-06-18T18:37:50.000Z",
                    "graduatedDate": "2025-06-18T18:44:19.000Z",
                    "school": {
                      "name": "Ione-Heppner",
                      "logo": "school_74665.png"
                    },
                    "matchTeamPlayer": {
                      "position": 1
                    }
                  }
                ]
              },
              {
                "id": 2074645,
                "isWinner": true,
                "players": [
                  {
                    "id": 98849,
                    "firstName": "Alvaro ",
                    "lastName": "Ambriz",
                    "grade": "Graduated",
                    "genderId": 1,
                    "schoolId": 75740,
                    "updatedAt": "2025-06-18T18:37:50.000Z",
                    "graduatedDate": "2025-06-18T18:44:19.000Z",
                    "school": {
                      "name": "Sherman",
                      "logo": "school_75740.png"
                    },
                    "matchTeamPlayer": {
                      "position": 1
                    }
                  }
                ]
              }
            ]
          },
          {
            "sets": [
              {
                "2074648": 8,
                "2074649": 3,
                "number": 1,
                "tie": null
              }
            ],
            "id": 1037339,
            "flight": "2",
            "matchType": "Singles",
            "finish": null,
            "winnerTeamId": 2074649,
            "genderId": 1,
            "isNotVarsity": false,
            "matchTeams": [
              {
                "id": 2074648,
                "isWinner": false,
                "players": [
                  {
                    "id": 100966,
                    "firstName": "Michael",
                    "lastName": "McElligott",
                    "grade": "Graduated",
                    "genderId": 1,
                    "schoolId": 74665,
                    "updatedAt": "2025-06-18T18:37:50.000Z",
                    "graduatedDate": "2025-06-18T18:44:19.000Z",
                    "school": {
                      "name": "Ione-Heppner",
                      "logo": "school_74665.png"
                    },
                    "matchTeamPlayer": {
                      "position": 1
                    }
                  }
                ]
              },
              {
                "id": 2074649,
                "isWinner": true,
                "players": [
                  {
                    "id": 98849,
                    "firstName": "Alvaro ",
                    "lastName": "Ambriz",
                    "grade": "Graduated",
                    "genderId": 1,
                    "schoolId": 75740,
                    "updatedAt": "2025-06-18T18:37:50.000Z",
                    "graduatedDate": "2025-06-18T18:44:19.000Z",
                    "school": {
                      "name": "Sherman",
                      "logo": "school_75740.png"
                    },
                    "matchTeamPlayer": {
                      "position": 1
                    }
                  }
                ]
              }
            ]
          }
        ]
      },
      "event": null
    }
  ]
}