{
  "school": {
    "id": 74901,
    "name": "Condon",
    "address": "PO BOX 575",
    "zipCode": "97823",
    "lowestGrade": "8",
    "highestGrade": "12",
    "encryptedUri": null,
    "expireDate": null,
    "logo": "school_74901.png",
    "createdAt": "2020-02-11T06:38:48.000Z",
    "updatedAt": "2026-01-15T14:02:06.000Z",
    "deletedAt": null,
    "cityId": 3895,
    "city": {
      "id": 3895,
      "name": "Condon",
      "stateId": 46,
      "state": {
        "name": "Oregon",
        "abbr": "OR"
      }
    }
  },
  "coaches": [
    {
      "id": 2728,
      "firstName": "Sam",
      "lastName": "Bates",
      "address": "210 E Bayard",
      "phone": "(541) 571-0342",
      "email": "flyspbates@gmail.com",
      "division": "1A",
      "schoolId": 74901,
      "genderId": 1
    }
  ],
  "overallRecord": {
    "win": 2,
    "loss": 3,
    "tie": 1
  },
  "meets": [
    {
      "id": 174780,
      "title": "Event (SD4/5A-2/6A-5-DISTRICT). 4A/3A/2A/1A-SD 4  ",
      "meetDateTime": "2024-05-09T00:03:23.000Z",
      "postSeason": true,
      "approveMeet": true,
      "eventId": 522,
      "winnerSchoolId": null,
      "coach": null,
      "schools": {
        "winners": [
          {
            "id": 74940,
            "name": "Crook County",
            "logo": "school_74940.png",
            "score": 26,
            "winnerSchoolId": null
          }
        ],
        "losers": [
          {
            "id": 75153,
            "name": "Madras",
            "logo": "school_75153.png",
            "score": 9,
            "winnerSchoolId": null
          },
          {
            "id": 75764,
            "name": "Sisters",
            "logo": "school_75764.png",
            "score": 8,
            "winnerSchoolId": null
          },
          {
            "id": 74671,
            "name": "The Dalles",
            "logo": "school_74671.png",
            "score": 6,
            "winnerSchoolId": null
          },
          {
            "id": 75339,
            "name": "Riverside",
            "logo": "school_75339.png",
            "score": 4,
            "winnerSchoolId": null
          },
          {
            "id": 75341,
            "name": "Irrigon",
            "logo": "school_75341.png",
            "score": 3,
            "winnerSchoolId": null
          },
          {
            "id": 75865,
            "name": "Umatilla",
            "logo": "school_75865.png",
            "score": 3,
            "winnerSchoolId": null
          },
          {
            "id": 74707,
            "name": "Arlington",
            "logo": "school_74707.png",
            "score": 1,
            "winnerSchoolId": null
          },
          {
            "id": 74665,
            "name": "Ione-Heppner",
            "logo": "school_74665.png",
            "score": 0,
            "winnerSchoolId": null
          },
          {
            "id": 74901,
            "name": "Condon",
            "logo": "school_74901.png",
            "score": 0,
            "winnerSchoolId": null
          },
          {
            "id": 75740,
            "name": "Sherman",
            "logo": "school_75740.png",
            "score": 0,
            "winnerSchoolId": null
          }
        ]
      },
      "matches": {
        "Doubles": [
          {
            "sets": [
              {
                "2249129": 1,
                "2249130": 6,
                "number": 1,
                "tie": null
              },
              {
                "2249129": 1,
                "2249130": 6,
                "number": 2,
                "tie": null
              }
            ],
            "id": 1124581,
            "flight": "1",
            "matchType": "Doubles",
            "finish": null,
            "winnerTeamId": 2249130,
            "genderId": 1,
            "isNotVarsity": false,
            "matchTeams": [
              {
                "id": 2249129,
                "isWinner": false,
                "players": [
                  {
                    "id": 121391,
                    "firstName": "Killian",
                    "lastName": "Takagi",
                    "grade": "12",
                    "genderId": 1,
                    "schoolId": 74901,
                    "updatedAt": "2025-06-18T18:37:50.000Z",
                    "graduatedDate": null,
                    "school": {
                      "name": "Condon",
                      "logo": "school_74901.png"
                    },
                    "matchTeamPlayer": {
                      "position": 2
                    }
                  },
                  {
                    "id": 121392,
                    "firstName": "Alec",
                    "lastName": "Jamieson",
                    "grade": "12",
                    "genderId": 1,
                    "schoolId": 74901,
                    "updatedAt": "2025-06-18T18:37:50.000Z",
                    "graduatedDate": null,
                    "school": {
                      "name": "Condon",
                      "logo": "school_74901.png"
                    },
                    "matchTeamPlayer": {
                      "position": 1
                    }
                  }
                ]
              },
              {
                "id": 2249130,
                "isWinner": true,
                "players": [
                  {
                    "id": 122917,
                    "firstName": "Brody",
                    "lastName": "Leonard",
                    "grade": "Graduated",
                    "genderId": 1,
                    "schoolId": 75153,
                    "updatedAt": "2025-06-18T18:37:50.000Z",
                    "graduatedDate": "2025-06-18T18:44:19.000Z",
                    "school": {
                      "name": "Madras",
                      "logo": "school_75153.png"
                    },
                    "matchTeamPlayer": {
                      "position": 2
                    }
                  },
                  {
                    "id": 122918,
                    "firstName": "Emmanuel \"Manny\"",
                    "lastName": "Mesina",
                    "grade": "12",
                    "genderId": 1,
                    "schoolId": 75153,
                    "updatedAt": "2025-06-18T18:37:50.000Z",
                    "graduatedDate": null,
                    "school": {
                      "name": "Madras",
                      "logo": "school_75153.png"
                    },
                    "matchTeamPlayer": {
                      "position": 1
                    }
                  }
                ]
              }
            ]
          },
          {
            "sets": [
              {
                "2249131": 6,
                "2249132": 1,
                "number": 1,
                "tie": null
              },
              {
                "2249131": 6,
                "2249132": 0,
                "number": 2,
                "tie": null
              }
            ],
            "id": 1124582,
            "flight": "1",
            "matchType": "Doubles",
            "finish": null,
            "winnerTeamId": 2249131,
            "genderId": 1,
            "isNotVarsity": false,
            "matchTeams": [
              {
                "id": 2249131,
                "isWinner": true,
                "players": [
                  {
                    "id": 125070,
                    "firstName": "Carter",
                    "lastName": "Randall",
                    "grade": "Graduated",
                    "genderId": 1,
                    "schoolId": 74671,
                    "updatedAt": "2025-06-18T18:37:50.000Z",
                    "graduatedDate": "2023-03-24T23:19:41.000Z",
                    "school": {
                      "name": "The Dalles",
                      "logo": "school_74671.png"
                    },
                    "matchTeamPlayer": {
                      "position": 1
                    }
                  },
                  {
                    "id": 125072,
                    "firstName": "Bryson",
                    "lastName": "Seibert",
                    "grade": "Graduated",
                    "genderId": 1,
                    "schoolId": 74671,
                    "updatedAt": "2025-06-18T18:37:50.000Z",
                    "graduatedDate": "2023-03-24T23:19:36.000Z",
                    "school": {
                      "name": "The Dalles",
                      "logo": "school_74671.png"
                    },
                    "matchTeamPlayer": {
                      "position": 2
                    }
                  }
                ]
              },
              {
                "id": 2249132,
                "isWinner": false,
                "players": [
                  {
                    "id": 143448,
                    "firstName": "Briar",
                    "lastName": "Reeves",
                    "grade": "Graduated",
                    "genderId": 1,
                    "schoolId": 75341,
                    "updatedAt": "2025-06-18T18:37:50.000Z",
                    "graduatedDate": "2024-03-13T14:48:44.000Z",
                    "school": {
                      "name": "Irrigon",
                      "logo": "school_75341.png"
                    },
                    "matchTeamPlayer": {
                      "position": 2
                    }
                  },
                  {
                    "id": 143449,
                    "firstName": "Zach",
                    "lastName": "Cain",
                    "grade": "12",
                    "genderId": 1,
                    "schoolId": 75341,
                    "updatedAt": "2025-06-18T18:37:50.000Z",
                    "graduatedDate": null,
                    "school": {
                      "name": "Irrigon",
                      "logo": "school_75341.png"
                    },
                    "matchTeamPlayer": {
                      "position": 1
                    }
                  }
                ]
              }
            ]
          },
          {
            "sets": [
              {
                "2249133": 6,
                "2249134": 1,
                "number": 1,
                "tie": null
              },
              {
                "2249133": 6,
                "2249134": 2,
                "number": 2,
                "tie": null
              }
            ],
            "id": 1124583,
            "flight": "1",
            "matchType": "Doubles",
            "finish": null,
            "winnerTeamId": 2249133,
            "genderId": 1,
            "isNotVarsity": false,
            "matchTeams": [
              {
                "id": 2249133,
                "isWinner": true,
                "players": [
                  {
                    "id": 121026,
                    "firstName": "Joshua",
                    "lastName": "Mendoza Lemus",
                    "grade": "Graduated",
                    "genderId": 1,
                    "schoolId": 75865,
                    "updatedAt": "2025-06-18T18:37:50.000Z",
                    "graduatedDate": "2025-06-18T18:44:19.000Z",
                    "school": {
                      "name": "Umatilla",
                      "logo": "school_75865.png"
                    },
                    "matchTeamPlayer": {
                      "position": 1
                    }
                  },
                  {
                    "id": 121029,
                    "firstName": "Abel",
                    "lastName": "Medrano",
                    "grade": "Graduated",
                    "genderId": 1,
                    "schoolId": 75865,
                    "updatedAt": "2025-06-18T18:37:50.000Z",
                    "graduatedDate": "2023-03-02T19:49:56.000Z",
                    "school": {
                      "name": "Umatilla",
                      "logo": "school_75865.png"
                    },
                    "matchTeamPlayer": {
                      "position": 2
                    }
                  }
                ]
              },
              {
                "id": 2249134,
                "isWinner": false,
                "players": [
                  {
                    "id": 123165,
                    "firstName": "Ramiro",
                    "lastName": "Arredondo",
                    "grade": "Graduated",
                    "genderId": 1,
                    "schoolId": 75341,
                    "updatedAt": "2025-06-18T18:37:50.000Z",
                    "graduatedDate": "2025-06-18T18:44:19.000Z",
                    "school": {
                      "name": "Irrigon",
                      "logo": "school_75341.png"
                    },
                    "matchTeamPlayer": {
                      "position": 2
                    }
                  },
                  {
                    "id": 125057,
                    "firstName": "Armando",
                    "lastName": "Munoz",
                    "grade": "Graduated",
                    "genderId": 1,
                    "schoolId": 75341,
                    "updatedAt": "2025-06-18T18:37:50.000Z",
                    "graduatedDate": "2025-06-18T18:44:19.000Z",
                    "school": {
                      "name": "Irrigon",
                      "logo": "school_75341.png"
                    },
                    "matchTeamPlayer": {
                      "position": 1
                    }
                  }
                ]
              }
            ]
          }
        ],
        "Singles": [
          {
            "sets": [
              {
                "2249173": 6,
                "2249174": 2,
                "number": 1,
                "tie": null
              },
              {
                "2249173": 6,
                "2249174": 1,
                "number": 2,
                "tie": null
              }
            ],
            "id": 1124603,
            "flight": "1",
            "matchType": "Singles",
            "finish": null,
            "winnerTeamId": 2249173,
            "genderId": 1,
            "isNotVarsity": false,
            "matchTeams": [
              {
                "id": 2249173,
                "isWinner": true,
                "players": [
                  {
                    "id": 125068,
                    "firstName": "Hector",
                    "lastName": "Moralez",
                    "grade": "Graduated",
                    "genderId": 1,
                    "schoolId": 74671,
                    "updatedAt": "2025-06-18T18:37:50.000Z",
                    "graduatedDate": "2023-03-24T23:19:46.000Z",
                    "school": {
                      "name": "The Dalles",
                      "logo": "school_74671.png"
                    },
                    "matchTeamPlayer": {
                      "position": 1
                    }
                  }
                ]
              },
              {
                "id": 2249174,
                "isWinner": false,
                "players": [
                  {
                    "id": 100998,
                    "firstName": "Phillip",
                    "lastName": "Arthur",
                    "grade": "Graduated",
                    "genderId": 1,
                    "schoolId": 75153,
                    "updatedAt": "2025-06-18T18:37:50.000Z",
                    "graduatedDate": "2022-03-12T21:33:18.000Z",
                    "school": {
                      "name": "Madras",
                      "logo": "school_75153.png"
                    },
                    "matchTeamPlayer": {
                      "position": 1
                    }
                  }
                ]
              }
            ]
          },
          {
            "sets": [
              {
                "2249175": 1,
                "2249176": 6,
                "number": 1,
                "tie": null
              },
              {
                "2249175": 0,
                "2249176": 6,
                "number": 2,
                "tie": null
              }
            ],
            "id": 1124604,
            "flight": "1",
            "matchType": "Singles",
            "finish": null,
            "winnerTeamId": 2249176,
            "genderId": 1,
            "isNotVarsity": false,
            "matchTeams": [
              {
                "id": 2249175,
                "isWinner": false,
                "players": [
                  {
                    "id": 100966,
                    "firstName": "Michael",
                    "lastName": "McElligott",
                    "grade": "Graduated",
                    "genderId": 1,
                    "schoolId": 74665,
                    "updatedAt": "2025-06-18T18:37:50.000Z",
                    "graduatedDate": "2025-06-18T18:44:19.000Z",
                    "school": {
                      "name": "Ione-Heppner",
                      "logo": "school_74665.png"
                    },
                    "matchTeamPlayer": {
                      "position": 1
                    }
                  }
                ]
              },
              {
                "id": 2249176,
                "isWinner": true,
                "players": [
                  {
                    "id": 121240,
                    "firstName": "Gale (JR)",
                    "lastName": "Foster",
                    "grade": "Graduated",
                    "genderId": 1,
                    "schoolId": 74707,
                    "updatedAt": "2025-06-18T18:37:50.000Z",
                    "graduatedDate": "2025-06-18T18:44:19.000Z",
                    "school": {
                      "name": "Arlington",
                      "logo": "school_74707.png"
                    },
                    "matchTeamPlayer": {
                      "position": 1
                    }
                  }
                ]
              }
            ]
          },
          {
            "sets": [
              {
                "2249371": 2,
                "2249372": 0,
                "number": 1,
                "tie": null
              },
              {
                "2249371": 2,
                "2249372": 0,
                "number": 2,
                "tie": null
              },
              {
                "2249371": null,
                "2249372": null,
                "number": 3,
                "tie": null
              }
            ],
            "id": 1124702,
            "flight": "1",
            "matchType": "Singles",
            "finish": "Default",
            "winnerTeamId": 2249371,
            "genderId": 1,
            "isNotVarsity": false,
            "matchTeams": [
              {
                "id": 2249371,
                "isWinner": true,
                "players": [
                  {
                    "id": 100999,
                    "firstName": "Keith",
                    "lastName": "Charley III",
                    "grade": "Graduated",
                    "genderId": 1,
                    "schoolId": 75153,
                    "updatedAt": "2025-06-18T18:37:50.000Z",
                    "graduatedDate": "2022-03-12T21:33:36.000Z",
                    "school": {
                      "name": "Madras",
                      "logo": "school_75153.png"
                    },
                    "matchTeamPlayer": {
                      "position": 1
                    }
                  }
                ]
              },
              {
                "id": 2249372,
                "isWinner": false,
                "players": [
                  {
                    "id": 98764,
                    "firstName": "Liam",
                    "lastName": "Early",
                    "grade": "Graduated",
                    "genderId": 1,
                    "schoolId": 75865,
                    "updatedAt": "2025-06-18T18:37:50.000Z",
                    "graduatedDate": "2025-06-18T18:44:19.000Z",
                    "school": {
                      "name": "Umatilla",
                      "logo": "school_75865.png"
                    },
                    "matchTeamPlayer": {
                      "position": 1
                    }
                  }
                ]
              }
            ]
          }
        ]
      },
      "event": {
        "id": 522,
        "bracketType": 32,
        "name": "SD4/5A-2/6A-5-DISTRICT",
        "logo": null
      }
    },
    {
      "id": 172956,
      "title": "Condon vs. Irrigon",
      "meetDateTime": "2024-04-30T07:00:00.000Z",
      "postSeason": false,
      "approveMeet": true,
      "eventId": null,
      "winnerSchoolId": null,
      "coach": {
        "schoolId": 74901,
        "firstName": "Sam",
        "lastName": "Bates",
        "genderId": 1,
        "email": "flyspbates@gmail.com",
        "phone": "(541) 571-0342",
        "school": {
          "name": "Condon",
          "logo": "school_74901.png"
        }
      },
      "schools": {
        "winners": [
          {
            "id": 75341,
            "name": "Irrigon",
            "logo": "school_75341.png",
            "score": 1,
            "winnerSchoolId": null
          }
        ],
        "losers": [
          {
            "id": 74901,
            "name": "Condon",
            "logo": "school_74901.png",
            "score": 0,
            "winnerSchoolId": null
          }
        ]
      },
      "matches": {
        "Doubles": [
          {
            "sets": [
              {
                "2209829": 3,
                "2209830": 8,
                "number": 1,
                "tie": null
              }
            ],
            "id": 1104931,
            "flight": "1",
            "matchType": "Doubles",
            "finish": null,
            "winnerTeamId": 2209830,
            "genderId": 1,
            "isNotVarsity": false,
            "matchTeams": [
              {
                "id": 2209829,
                "isWinner": false,
                "players": [
                  {
                    "id": 121391,
                    "firstName": "Killian",
                    "lastName": "Takagi",
                    "grade": "12",
                    "genderId": 1,
                    "schoolId": 74901,
                    "updatedAt": "2025-06-18T18:37:50.000Z",
                    "graduatedDate": null,
                    "school": {
                      "name": "Condon",
                      "logo": "school_74901.png"
                    },
                    "matchTeamPlayer": {
                      "position": 1
                    }
                  },
                  {
                    "id": 121392,
                    "firstName": "Alec",
                    "lastName": "Jamieson",
                    "grade": "12",
                    "genderId": 1,
                    "schoolId": 74901,
                    "updatedAt": "2025-06-18T18:37:50.000Z",
                    "graduatedDate": null,
                    "school": {
                      "name": "Condon",
                      "logo": "school_74901.png"
                    },
                    "matchTeamPlayer": {
                      "position": 2
                    }
                  }
                ]
              },
              {
                "id": 2209830,
                "isWinner": true,
                "players": [
                  {
                    "id": 123165,
                    "firstName": "Ramiro",
                    "lastName": "Arredondo",
                    "grade": "Graduated",
                    "genderId": 1,
                    "schoolId": 75341,
                    "updatedAt": "2025-06-18T18:37:50.000Z",
                    "graduatedDate": "2025-06-18T18:44:19.000Z",
                    "school": {
                      "name": "Irrigon",
                      "logo": "school_75341.png"
                    },
                    "matchTeamPlayer": {
                      "position": 1
                    }
                  },
                  {
                    "id": 125057,
                    "firstName": "Armando",
                    "lastName": "Munoz",
                    "grade": "Graduated",
                    "genderId": 1,
                    "schoolId": 75341,
                    "updatedAt": "2025-06-18T18:37:50.000Z",
                    "graduatedDate": "2025-06-18T18:44:19.000Z",
                    "school": {
                      "name": "Irrigon",
                      "logo": "school_75341.png"
                    },
                    "matchTeamPlayer": {
                      "position": 2
                    }
                  }
                ]
              }
            ]
          }
        ]
      },
      "event": null
    },
    {
      "id": 170177,
      "title": "Condon vs. Riverside",
      "meetDateTime": "2024-04-18T07:00:00.000Z",
      "postSeason": false,
      "approveMeet": true,
      "eventId": null,
      "winnerSchoolId": null,
      "coach": {
        "schoolId": 74901,
        "firstName": "Sam",
        "lastName": "Bates",
        "genderId": 1,
        "email": "flyspbates@gmail.com",
        "phone": "(541) 571-0342",
        "school": {
          "name": "Condon",
          "logo": "school_74901.png"
        }
      },
      "schools": {
        "winners": [
          {
            "id": 75339,
            "name": "Riverside",
            "logo": "school_75339.png",
            "score": 2,
            "winnerSchoolId": null
          }
        ],
        "losers": [
          {
            "id": 74901,
            "name": "Condon",
            "logo": "school_74901.png",
            "score": 0,
            "winnerSchoolId": null
          }
        ]
      },
      "matches": {
        "Doubles": [
          {
            "sets": [
              {
                "2161239": 1,
                "2161240": 6,
                "number": 1,
                "tie": null
              }
            ],
            "id": 1080636,
            "flight": "1",
            "matchType": "Doubles",
            "finish": null,
            "winnerTeamId": 2161240,
            "genderId": 1,
            "isNotVarsity": false,
            "matchTeams": [
              {
                "id": 2161239,
                "isWinner": false,
                "players": [
                  {
                    "id": 121391,
                    "firstName": "Killian",
                    "lastName": "Takagi",
                    "grade": "12",
                    "genderId": 1,
                    "schoolId": 74901,
                    "updatedAt": "2025-06-18T18:37:50.000Z",
                    "graduatedDate": null,
                    "school": {
                      "name": "Condon",
                      "logo": "school_74901.png"
                    },
                    "matchTeamPlayer": {
                      "position": 1
                    }
                  },
                  {
                    "id": 121392,
                    "firstName": "Alec",
                    "lastName": "Jamieson",
                    "grade": "12",
                    "genderId": 1,
                    "schoolId": 74901,
                    "updatedAt": "2025-06-18T18:37:50.000Z",
                    "graduatedDate": null,
                    "school": {
                      "name": "Condon",
                      "logo": "school_74901.png"
                    },
                    "matchTeamPlayer": {
                      "position": 2
                    }
                  }
                ]
              },
              {
                "id": 2161240,
                "isWinner": true,
                "players": [
                  {
                    "id": 121498,
                    "firstName": "Jason",
                    "lastName": "Zamora",
                    "grade": "12",
                    "genderId": 1,
                    "schoolId": 75339,
                    "updatedAt": "2025-06-18T18:37:50.000Z",
                    "graduatedDate": null,
                    "school": {
                      "name": "Riverside",
                      "logo": "school_75339.png"
                    },
                    "matchTeamPlayer": {
                      "position": 2
                    }
                  },
                  {
                    "id": 142056,
                    "firstName": "Liam ",
                    "lastName": "Heideman",
                    "grade": "Graduated",
                    "genderId": 1,
                    "schoolId": 75339,
                    "updatedAt": "2025-06-18T18:37:50.000Z",
                    "graduatedDate": "2025-06-18T18:44:19.000Z",
                    "school": {
                      "name": "Riverside",
                      "logo": "school_75339.png"
                    },
                    "matchTeamPlayer": {
                      "position": 1
                    }
                  }
                ]
              }
            ]
          }
        ],
        "Singles": [
          {
            "sets": [
              {
                "2161243": 8,
                "2161244": 9,
                "number": 1,
                "tie": null
              }
            ],
            "id": 1080638,
            "flight": "1",
            "matchType": "Singles",
            "finish": null,
            "winnerTeamId": 2161244,
            "genderId": 1,
            "isNotVarsity": false,
            "matchTeams": [
              {
                "id": 2161243,
                "isWinner": false,
                "players": [
                  {
                    "id": 100651,
                    "firstName": "Jonathan",
                    "lastName": "Bates",
                    "grade": "Graduated",
                    "genderId": 1,
                    "schoolId": 74901,
                    "updatedAt": "2025-06-18T18:37:50.000Z",
                    "graduatedDate": "2025-06-18T18:44:19.000Z",
                    "school": {
                      "name": "Condon",
                      "logo": "school_74901.png"
                    },
                    "matchTeamPlayer": {
                      "position": 1
                    }
                  }
                ]
              },
              {
                "id": 2161244,
                "isWinner": true,
                "players": [
                  {
                    "id": 121495,
                    "firstName": "Brandon ",
                    "lastName": "Galvez",
                    "grade": "Graduated",
                    "genderId": 1,
                    "schoolId": 75339,
                    "updatedAt": "2025-06-18T18:37:50.000Z",
                    "graduatedDate": "2023-03-08T03:09:24.000Z",
                    "school": {
                      "name": "Riverside",
                      "logo": "school_75339.png"
                    },
                    "matchTeamPlayer": {
                      "position": 1
                    }
                  }
                ]
              }
            ]
          }
        ]
      },
      "event": null
    },
    {
      "id": 170077,
      "title": "Ione vs. Condon",
      "meetDateTime": "2024-04-17T07:00:00.000Z",
      "postSeason": false,
      "approveMeet": true,
      "eventId": null,
      "winnerSchoolId": null,
      "coach": {
        "schoolId": 74665,
        "firstName": "Maureen",
        "lastName": "McElligott",
        "genderId": 1,
        "email": "maureenm@dcjllc.com",
        "phone": "(541) 422-7131",
        "school": {
          "name": "Ione-Heppner",
          "logo": "school_74665.png"
        }
      },
      "schools": {
        "winners": [
          {
            "id": 74901,
            "name": "Condon",
            "logo": "school_74901.png",
            "score": 2,
            "winnerSchoolId": null
          }
        ],
        "losers": [
          {
            "id": 74665,
            "name": "Ione-Heppner",
            "logo": "school_74665.png",
            "score": 1,
            "winnerSchoolId": null
          }
        ]
      },
      "matches": {
        "Singles": [
          {
            "sets": [
              {
                "2156741": 4,
                "2156742": 8,
                "number": 1,
                "tie": null
              }
            ],
            "id": 1078387,
            "flight": "1",
            "matchType": "Singles",
            "finish": null,
            "winnerTeamId": 2156742,
            "genderId": 1,
            "isNotVarsity": false,
            "matchTeams": [
              {
                "id": 2156741,
                "isWinner": false,
                "players": [
                  {
                    "id": 100966,
                    "firstName": "Michael",
                    "lastName": "McElligott",
                    "grade": "Graduated",
                    "genderId": 1,
                    "schoolId": 74665,
                    "updatedAt": "2025-06-18T18:37:50.000Z",
                    "graduatedDate": "2025-06-18T18:44:19.000Z",
                    "school": {
                      "name": "Ione-Heppner",
                      "logo": "school_74665.png"
                    },
                    "matchTeamPlayer": {
                      "position": 1
                    }
                  }
                ]
              },
              {
                "id": 2156742,
                "isWinner": true,
                "players": [
                  {
                    "id": 100651,
                    "firstName": "Jonathan",
                    "lastName": "Bates",
                    "grade": "Graduated",
                    "genderId": 1,
                    "schoolId": 74901,
                    "updatedAt": "2025-06-18T18:37:50.000Z",
                    "graduatedDate": "2025-06-18T18:44:19.000Z",
                    "school": {
                      "name": "Condon",
                      "logo": "school_74901.png"
                    },
                    "matchTeamPlayer": {
                      "position": 1
                    }
                  }
                ]
              }
            ]
          },
          {
            "sets": [
              {
                "2156745": 8,
                "2156746": 1,
                "number": 1,
                "tie": null
              }
            ],
            "id": 1078389,
            "flight": "2",
            "matchType": "Singles",
            "finish": null,
            "winnerTeamId": 2156745,
            "genderId": 1,
            "isNotVarsity": false,
            "matchTeams": [
              {
                "id": 2156745,
                "isWinner": true,
                "players": [
                  {
                    "id": 141564,
                    "firstName": "William",
                    "lastName": "McElligott",
                    "grade": "11",
                    "genderId": 1,
                    "schoolId": 74665,
                    "updatedAt": "2025-06-18T18:37:50.000Z",
                    "graduatedDate": null,
                    "school": {
                      "name": "Ione-Heppner",
                      "logo": "school_74665.png"
                    },
                    "matchTeamPlayer": {
                      "position": 1
                    }
                  }
                ]
              },
              {
                "id": 2156746,
                "isWinner": false,
                "players": [
                  {
                    "id": 121392,
                    "firstName": "Alec",
                    "lastName": "Jamieson",
                    "grade": "12",
                    "genderId": 1,
                    "schoolId": 74901,
                    "updatedAt": "2025-06-18T18:37:50.000Z",
                    "graduatedDate": null,
                    "school": {
                      "name": "Condon",
                      "logo": "school_74901.png"
                    },
                    "matchTeamPlayer": {
                      "position": 1
                    }
                  }
                ]
              }
            ]
          },
          {
            "sets": [
              {
                "2156749": 0,
                "2156750": 8,
                "number": 1,
                "tie": null
              }
            ],
            "id": 1078391,
            "flight": "3",
            "matchType": "Singles",
            "finish": null,
            "winnerTeamId": 2156750,
            "genderId": 1,
            "isNotVarsity": false,
            "matchTeams": [
              {
                "id": 2156749,
                "isWinner": false,
                "players": [
                  {
                    "id": 141565,
                    "firstName": "Hunter",
                    "lastName": "Scroggin",
                    "grade": "11",
                    "genderId": 1,
                    "schoolId": 74665,
                    "updatedAt": "2025-06-18T18:37:50.000Z",
                    "graduatedDate": null,
                    "school": {
                      "name": "Ione-Heppner",
                      "logo": "school_74665.png"
                    },
                    "matchTeamPlayer": {
                      "position": 1
                    }
                  }
                ]
              },
              {
                "id": 2156750,
                "isWinner": true,
                "players": [
                  {
                    "id": 121391,
                    "firstName": "Killian",
                    "lastName": "Takagi",
                    "grade": "12",
                    "genderId": 1,
                    "schoolId": 74901,
                    "updatedAt": "2025-06-18T18:37:50.000Z",
                    "graduatedDate": null,
                    "school": {
                      "name": "Condon",
                      "logo": "school_74901.png"
                    },
                    "matchTeamPlayer": {
                      "position": 1
                    }
                  }
                ]
              }
            ]
          }
        ]
      },
      "event": null
    },
    {
      "id": 168603,
      "title": "Condon vs. Ione",
      "meetDateTime": "2024-04-11T07:00:00.000Z",
      "postSeason": false,
      "approveMeet": true,
      "eventId": null,
      "winnerSchoolId": null,
      "coach": {
        "schoolId": 74901,
        "firstName": "Sam",
        "lastName": "Bates",
        "genderId": 1,
        "email": "flyspbates@gmail.com",
        "phone": "(541) 571-0342",
        "school": {
          "name": "Condon",
          "logo": "school_74901.png"
        }
      },
      "schools": {
        "winners": [
          {
            "id": 74901,
            "name": "Condon",
            "logo": "school_74901.png",
            "score": 2,
            "winnerSchoolId": null
          }
        ],
        "losers": [
          {
            "id": 74665,
            "name": "Ione-Heppner",
            "logo": "school_74665.png",
            "score": 0,
            "winnerSchoolId": null
          }
        ]
      },
      "matches": {
        "Singles": [
          {
            "sets": [
              {
                "2127402": 8,
                "2127403": 6,
                "number": 1,
                "tie": null
              }
            ],
            "id": 1063716,
            "flight": "1",
            "matchType": "Singles",
            "finish": null,
            "winnerTeamId": 2127402,
            "genderId": 1,
            "isNotVarsity": false,
            "matchTeams": [
              {
                "id": 2127402,
                "isWinner": true,
                "players": [
                  {
                    "id": 100651,
                    "firstName": "Jonathan",
                    "lastName": "Bates",
                    "grade": "Graduated",
                    "genderId": 1,
                    "schoolId": 74901,
                    "updatedAt": "2025-06-18T18:37:50.000Z",
                    "graduatedDate": "2025-06-18T18:44:19.000Z",
                    "school": {
                      "name": "Condon",
                      "logo": "school_74901.png"
                    },
                    "matchTeamPlayer": {
                      "position": 1
                    }
                  }
                ]
              },
              {
                "id": 2127403,
                "isWinner": false,
                "players": [
                  {
                    "id": 100966,
                    "firstName": "Michael",
                    "lastName": "McElligott",
                    "grade": "Graduated",
                    "genderId": 1,
                    "schoolId": 74665,
                    "updatedAt": "2025-06-18T18:37:50.000Z",
                    "graduatedDate": "2025-06-18T18:44:19.000Z",
                    "school": {
                      "name": "Ione-Heppner",
                      "logo": "school_74665.png"
                    },
                    "matchTeamPlayer": {
                      "position": 1
                    }
                  }
                ]
              }
            ]
          }
        ],
        "Doubles": [
          {
            "sets": [
              {
                "2127408": 8,
                "2127409": 2,
                "number": 1,
                "tie": null
              }
            ],
            "id": 1063719,
            "flight": "2",
            "matchType": "Doubles",
            "finish": null,
            "winnerTeamId": 2127408,
            "genderId": 1,
            "isNotVarsity": false,
            "matchTeams": [
              {
                "id": 2127408,
                "isWinner": true,
                "players": [
                  {
                    "id": 121391,
                    "firstName": "Killian",
                    "lastName": "Takagi",
                    "grade": "12",
                    "genderId": 1,
                    "schoolId": 74901,
                    "updatedAt": "2025-06-18T18:37:50.000Z",
                    "graduatedDate": null,
                    "school": {
                      "name": "Condon",
                      "logo": "school_74901.png"
                    },
                    "matchTeamPlayer": {
                      "position": 1
                    }
                  },
                  {
                    "id": 121392,
                    "firstName": "Alec",
                    "lastName": "Jamieson",
                    "grade": "12",
                    "genderId": 1,
                    "schoolId": 74901,
                    "updatedAt": "2025-06-18T18:37:50.000Z",
                    "graduatedDate": null,
                    "school": {
                      "name": "Condon",
                      "logo": "school_74901.png"
                    },
                    "matchTeamPlayer": {
                      "position": 2
                    }
                  }
                ]
              },
              {
                "id": 2127409,
                "isWinner": false,
                "players": [
                  {
                    "id": 141564,
                    "firstName": "William",
                    "lastName": "McElligott",
                    "grade": "11",
                    "genderId": 1,
                    "schoolId": 74665,
                    "updatedAt": "2025-06-18T18:37:50.000Z",
                    "graduatedDate": null,
                    "school": {
                      "name": "Ione-Heppner",
                      "logo": "school_74665.png"
                    },
                    "matchTeamPlayer": {
                      "position": 1
                    }
                  },
                  {
                    "id": 141566,
                    "firstName": "Fernando",
                    "lastName": "Serrano",
                    "grade": "11",
                    "genderId": 1,
                    "schoolId": 74665,
                    "updatedAt": "2025-06-18T18:37:50.000Z",
                    "graduatedDate": null,
                    "school": {
                      "name": "Ione-Heppner",
                      "logo": "school_74665.png"
                    },
                    "matchTeamPlayer": {
                      "position": 2
                    }
                  }
                ]
              }
            ]
          }
        ]
      },
      "event": null
    },
    {
      "id": 166490,
      "title": "Condon vs. Umatilla",
      "meetDateTime": "2024-04-02T07:00:00.000Z",
      "postSeason": false,
      "approveMeet": true,
      "eventId": null,
      "winnerSchoolId": null,
      "coach": {
        "schoolId": 74901,
        "firstName": "Sam",
        "lastName": "Bates",
        "genderId": 1,
        "email": "flyspbates@gmail.com",
        "phone": "(541) 571-0342",
        "school": {
          "name": "Condon",
          "logo": "school_74901.png"
        }
      },
      "schools": {
        "winners": [
          {
            "id": 74901,
            "name": "Condon",
            "logo": "school_74901.png",
            "score": 1,
            "winnerSchoolId": null
          }
        ],
        "losers": [
          {
            "id": 75865,
            "name": "Umatilla",
            "logo": "school_75865.png",
            "score": 1,
            "winnerSchoolId": null
          }
        ]
      },
      "matches": {
        "Singles": [
          {
            "sets": [
              {
                "2095092": 8,
                "2095093": 6,
                "number": 1,
                "tie": null
              }
            ],
            "id": 1047561,
            "flight": "1",
            "matchType": "Singles",
            "finish": null,
            "winnerTeamId": 2095092,
            "genderId": 1,
            "isNotVarsity": false,
            "matchTeams": [
              {
                "id": 2095092,
                "isWinner": true,
                "players": [
                  {
                    "id": 100651,
                    "firstName": "Jonathan",
                    "lastName": "Bates",
                    "grade": "Graduated",
                    "genderId": 1,
                    "schoolId": 74901,
                    "updatedAt": "2025-06-18T18:37:50.000Z",
                    "graduatedDate": "2025-06-18T18:44:19.000Z",
                    "school": {
                      "name": "Condon",
                      "logo": "school_74901.png"
                    },
                    "matchTeamPlayer": {
                      "position": 1
                    }
                  }
                ]
              },
              {
                "id": 2095093,
                "isWinner": false,
                "players": [
                  {
                    "id": 98764,
                    "firstName": "Liam",
                    "lastName": "Early",
                    "grade": "Graduated",
                    "genderId": 1,
                    "schoolId": 75865,
                    "updatedAt": "2025-06-18T18:37:50.000Z",
                    "graduatedDate": "2025-06-18T18:44:19.000Z",
                    "school": {
                      "name": "Umatilla",
                      "logo": "school_75865.png"
                    },
                    "matchTeamPlayer": {
                      "position": 1
                    }
                  }
                ]
              }
            ]
          }
        ],
        "Doubles": [
          {
            "sets": [
              {
                "2095094": 4,
                "2095095": 8,
                "number": 1,
                "tie": null
              }
            ],
            "id": 1047562,
            "flight": "2",
            "matchType": "Doubles",
            "finish": null,
            "winnerTeamId": 2095095,
            "genderId": 1,
            "isNotVarsity": false,
            "matchTeams": [
              {
                "id": 2095094,
                "isWinner": false,
                "players": [
                  {
                    "id": 121391,
                    "firstName": "Killian",
                    "lastName": "Takagi",
                    "grade": "12",
                    "genderId": 1,
                    "schoolId": 74901,
                    "updatedAt": "2025-06-18T18:37:50.000Z",
                    "graduatedDate": null,
                    "school": {
                      "name": "Condon",
                      "logo": "school_74901.png"
                    },
                    "matchTeamPlayer": {
                      "position": 1
                    }
                  },
                  {
                    "id": 121392,
                    "firstName": "Alec",
                    "lastName": "Jamieson",
                    "grade": "12",
                    "genderId": 1,
                    "schoolId": 74901,
                    "updatedAt": "2025-06-18T18:37:50.000Z",
                    "graduatedDate": null,
                    "school": {
                      "name": "Condon",
                      "logo": "school_74901.png"
                    },
                    "matchTeamPlayer": {
                      "position": 2
                    }
                  }
                ]
              },
              {
                "id": 2095095,
                "isWinner": true,
                "players": [
                  {
                    "id": 121024,
                    "firstName": "Aaron",
                    "lastName": "Vargas",
                    "grade": "12",
                    "genderId": 1,
                    "schoolId": 75865,
                    "updatedAt": "2025-06-18T18:37:50.000Z",
                    "graduatedDate": null,
                    "school": {
                      "name": "Umatilla",
                      "logo": "school_75865.png"
                    },
                    "matchTeamPlayer": {
                      "position": 1
                    }
                  },
                  {
                    "id": 121025,
                    "firstName": "Alberto",
                    "lastName": "Tejeda",
                    "grade": "12",
                    "genderId": 1,
                    "schoolId": 75865,
                    "updatedAt": "2025-06-18T18:37:50.000Z",
                    "graduatedDate": null,
                    "school": {
                      "name": "Umatilla",
                      "logo": "school_75865.png"
                    },
                    "matchTeamPlayer": {
                      "position": 2
                    }
                  }
                ]
              }
            ]
          }
        ]
      },
      "event": null
    },
    {
      "id": 165946,
      "title": "Condon @ Umatilla",
      "meetDateTime": "2024-03-19T07:00:00.000Z",
      "postSeason": false,
      "approveMeet": true,
      "eventId": null,
      "winnerSchoolId": null,
      "coach": {
        "schoolId": 75865,
        "firstName": "Maximo ",
        "lastName": "Bedolla",
        "genderId": 1,
        "email": "bedollam@umatillasd.org",
        "phone": "(541) 701-8009",
        "school": {
          "name": "Umatilla",
          "logo": "school_75865.png"
        }
      },
      "schools": {
        "winners": [
          {
            "id": 75865,
            "name": "Umatilla",
            "logo": "school_75865.png",
            "score": 1,
            "winnerSchoolId": null
          }
        ],
        "losers": [
          {
            "id": 74901,
            "name": "Condon",
            "logo": "school_74901.png",
            "score": 0,
            "winnerSchoolId": null
          }
        ]
      },
      "matches": {
        "Singles": [
          {
            "sets": [
              {
                "2087738": 8,
                "2087739": 1,
                "number": 1,
                "tie": null
              }
            ],
            "id": 1043884,
            "flight": "1",
            "matchType": "Singles",
            "finish": null,
            "winnerTeamId": 2087738,
            "genderId": 1,
            "isNotVarsity": false,
            "matchTeams": [
              {
                "id": 2087738,
                "isWinner": true,
                "players": [
                  {
                    "id": 121028,
                    "firstName": "Joel",
                    "lastName": "Arellano",
                    "grade": "Graduated",
                    "genderId": 1,
                    "schoolId": 75865,
                    "updatedAt": "2025-06-18T18:37:50.000Z",
                    "graduatedDate": "2025-06-18T18:44:19.000Z",
                    "school": {
                      "name": "Umatilla",
                      "logo": "school_75865.png"
                    },
                    "matchTeamPlayer": {
                      "position": 1
                    }
                  }
                ]
              },
              {
                "id": 2087739,
                "isWinner": false,
                "players": [
                  {
                    "id": 100651,
                    "firstName": "Jonathan",
                    "lastName": "Bates",
                    "grade": "Graduated",
                    "genderId": 1,
                    "schoolId": 74901,
                    "updatedAt": "2025-06-18T18:37:50.000Z",
                    "graduatedDate": "2025-06-18T18:44:19.000Z",
                    "school": {
                      "name": "Condon",
                      "logo": "school_74901.png"
                    },
                    "matchTeamPlayer": {
                      "position": 1
                    }
                  }
                ]
              }
            ]
          }
        ]
      },
      "event": null
    },
    {
      "id": 165490,
      "title": "Riverside Vs Arlington/Condon",
      "meetDateTime": "2024-03-15T07:00:00.000Z",
      "postSeason": false,
      "approveMeet": true,
      "eventId": null,
      "winnerSchoolId": null,
      "coach": {
        "schoolId": 75339,
        "firstName": "Tyler",
        "lastName": "Volpi",
        "genderId": 1,
        "email": "tyler.volpi@morrowsd.org",
        "phone": "(850) 348-1304",
        "school": {
          "name": "Riverside",
          "logo": "school_75339.png"
        }
      },
      "schools": {
        "winners": [
          {
            "id": 75339,
            "name": "Riverside",
            "logo": "school_75339.png",
            "score": 4,
            "winnerSchoolId": null
          }
        ],
        "losers": [
          {
            "id": 74707,
            "name": "Arlington",
            "logo": "school_74707.png",
            "score": 2,
            "winnerSchoolId": null
          },
          {
            "id": 74901,
            "name": "Condon",
            "logo": "school_74901.png",
            "score": 1,
            "winnerSchoolId": null
          }
        ]
      },
      "matches": {
        "Singles": [
          {
            "sets": [
              {
                "2080630": 8,
                "2080631": 4,
                "number": 1,
                "tie": null
              },
              {
                "2080630": null,
                "2080631": null,
                "number": 2,
                "tie": null
              }
            ],
            "id": 1040330,
            "flight": "1",
            "matchType": "Singles",
            "finish": null,
            "winnerTeamId": 2080631,
            "genderId": 1,
            "isNotVarsity": false,
            "matchTeams": [
              {
                "id": 2080630,
                "isWinner": false,
                "players": [
                  {
                    "id": 142056,
                    "firstName": "Liam ",
                    "lastName": "Heideman",
                    "grade": "Graduated",
                    "genderId": 1,
                    "schoolId": 75339,
                    "updatedAt": "2025-06-18T18:37:50.000Z",
                    "graduatedDate": "2025-06-18T18:44:19.000Z",
                    "school": {
                      "name": "Riverside",
                      "logo": "school_75339.png"
                    },
                    "matchTeamPlayer": {
                      "position": 1
                    }
                  }
                ]
              },
              {
                "id": 2080631,
                "isWinner": true,
                "players": [
                  {
                    "id": 107201,
                    "firstName": "Azriel",
                    "lastName": "Borghese",
                    "grade": "Graduated",
                    "genderId": 1,
                    "schoolId": 74707,
                    "updatedAt": "2025-06-18T18:37:50.000Z",
                    "graduatedDate": "2024-03-14T19:13:30.000Z",
                    "school": {
                      "name": "Arlington",
                      "logo": "school_74707.png"
                    },
                    "matchTeamPlayer": {
                      "position": 1
                    }
                  }
                ]
              }
            ]
          },
          {
            "sets": [
              {
                "2080632": 8,
                "2080633": 2,
                "number": 1,
                "tie": null
              }
            ],
            "id": 1040331,
            "flight": "2",
            "matchType": "Singles",
            "finish": null,
            "winnerTeamId": 2080632,
            "genderId": 1,
            "isNotVarsity": false,
            "matchTeams": [
              {
                "id": 2080632,
                "isWinner": true,
                "players": [
                  {
                    "id": 121494,
                    "firstName": "Antonio",
                    "lastName": "Cuevas",
                    "grade": "Graduated",
                    "genderId": 1,
                    "schoolId": 75339,
                    "updatedAt": "2025-06-18T18:37:50.000Z",
                    "graduatedDate": "2025-06-18T18:44:19.000Z",
                    "school": {
                      "name": "Riverside",
                      "logo": "school_75339.png"
                    },
                    "matchTeamPlayer": {
                      "position": 1
                    }
                  }
                ]
              },
              {
                "id": 2080633,
                "isWinner": false,
                "players": [
                  {
                    "id": 100651,
                    "firstName": "Jonathan",
                    "lastName": "Bates",
                    "grade": "Graduated",
                    "genderId": 1,
                    "schoolId": 74901,
                    "updatedAt": "2025-06-18T18:37:50.000Z",
                    "graduatedDate": "2025-06-18T18:44:19.000Z",
                    "school": {
                      "name": "Condon",
                      "logo": "school_74901.png"
                    },
                    "matchTeamPlayer": {
                      "position": 1
                    }
                  }
                ]
              }
            ]
          },
          {
            "sets": [
              {
                "2080634": 8,
                "2080635": 0,
                "number": 1,
                "tie": null
              }
            ],
            "id": 1040332,
            "flight": "3",
            "matchType": "Singles",
            "finish": null,
            "winnerTeamId": 2080635,
            "genderId": 1,
            "isNotVarsity": false,
            "matchTeams": [
              {
                "id": 2080634,
                "isWinner": false,
                "players": [
                  {
                    "id": 142069,
                    "firstName": "Juan",
                    "lastName": "Rodriguez",
                    "grade": "Graduated",
                    "genderId": 1,
                    "schoolId": 75339,
                    "updatedAt": "2025-06-18T18:37:50.000Z",
                    "graduatedDate": "2024-03-07T15:36:04.000Z",
                    "school": {
                      "name": "Riverside",
                      "logo": "school_75339.png"
                    },
                    "matchTeamPlayer": {
                      "position": 1
                    }
                  }
                ]
              },
              {
                "id": 2080635,
                "isWinner": true,
                "players": [
                  {
                    "id": 121391,
                    "firstName": "Killian",
                    "lastName": "Takagi",
                    "grade": "12",
                    "genderId": 1,
                    "schoolId": 74901,
                    "updatedAt": "2025-06-18T18:37:50.000Z",
                    "graduatedDate": null,
                    "school": {
                      "name": "Condon",
                      "logo": "school_74901.png"
                    },
                    "matchTeamPlayer": {
                      "position": 1
                    }
                  }
                ]
              }
            ]
          }
        ],
        "Doubles": [
          {
            "sets": [
              {
                "2080646": 3,
                "2080647": 1,
                "number": 1,
                "tie": null
              }
            ],
            "id": 1040338,
            "flight": "1",
            "matchType": "Doubles",
            "finish": null,
            "winnerTeamId": 2080646,
            "genderId": 1,
            "isNotVarsity": false,
            "matchTeams": [
              {
                "id": 2080646,
                "isWinner": true,
                "players": [
                  {
                    "id": 121495,
                    "firstName": "Brandon ",
                    "lastName": "Galvez",
                    "grade": "Graduated",
                    "genderId": 1,
                    "schoolId": 75339,
                    "updatedAt": "2025-06-18T18:37:50.000Z",
                    "graduatedDate": "2023-03-08T03:09:24.000Z",
                    "school": {
                      "name": "Riverside",
                      "logo": "school_75339.png"
                    },
                    "matchTeamPlayer": {
                      "position": 1
                    }
                  },
                  {
                    "id": 121498,
                    "firstName": "Jason",
                    "lastName": "Zamora",
                    "grade": "12",
                    "genderId": 1,
                    "schoolId": 75339,
                    "updatedAt": "2025-06-18T18:37:50.000Z",
                    "graduatedDate": null,
                    "school": {
                      "name": "Riverside",
                      "logo": "school_75339.png"
                    },
                    "matchTeamPlayer": {
                      "position": 2
                    }
                  }
                ]
              },
              {
                "id": 2080647,
                "isWinner": false,
                "players": [
                  {
                    "id": 107201,
                    "firstName": "Azriel",
                    "lastName": "Borghese",
                    "grade": "Graduated",
                    "genderId": 1,
                    "schoolId": 74707,
                    "updatedAt": "2025-06-18T18:37:50.000Z",
                    "graduatedDate": "2024-03-14T19:13:30.000Z",
                    "school": {
                      "name": "Arlington",
                      "logo": "school_74707.png"
                    },
                    "matchTeamPlayer": {
                      "position": 1
                    }
                  },
                  {
                    "id": 121242,
                    "firstName": "Alex",
                    "lastName": "Shane",
                    "grade": "Graduated",
                    "genderId": 1,
                    "schoolId": 74707,
                    "updatedAt": "2025-06-18T18:37:50.000Z",
                    "graduatedDate": "2023-03-07T01:48:05.000Z",
                    "school": {
                      "name": "Arlington",
                      "logo": "school_74707.png"
                    },
                    "matchTeamPlayer": {
                      "position": 2
                    }
                  }
                ]
              }
            ]
          },
          {
            "sets": [
              {
                "2080652": 8,
                "2080653": 5,
                "number": 1,
                "tie": null
              }
            ],
            "id": 1040341,
            "flight": "2",
            "matchType": "Doubles",
            "finish": null,
            "winnerTeamId": 2080652,
            "genderId": 1,
            "isNotVarsity": false,
            "matchTeams": [
              {
                "id": 2080652,
                "isWinner": true,
                "players": [
                  {
                    "id": 121491,
                    "firstName": "Juan ",
                    "lastName": "Bravo",
                    "grade": "12",
                    "genderId": 1,
                    "schoolId": 75339,
                    "updatedAt": "2025-06-18T18:37:50.000Z",
                    "graduatedDate": null,
                    "school": {
                      "name": "Riverside",
                      "logo": "school_75339.png"
                    },
                    "matchTeamPlayer": {
                      "position": 2
                    }
                  },
                  {
                    "id": 142063,
                    "firstName": "Ivan ",
                    "lastName": "Montano",
                    "grade": "12",
                    "genderId": 1,
                    "schoolId": 75339,
                    "updatedAt": "2025-06-18T18:37:50.000Z",
                    "graduatedDate": null,
                    "school": {
                      "name": "Riverside",
                      "logo": "school_75339.png"
                    },
                    "matchTeamPlayer": {
                      "position": 1
                    }
                  }
                ]
              },
              {
                "id": 2080653,
                "isWinner": false,
                "players": [
                  {
                    "id": 121391,
                    "firstName": "Killian",
                    "lastName": "Takagi",
                    "grade": "12",
                    "genderId": 1,
                    "schoolId": 74901,
                    "updatedAt": "2025-06-18T18:37:50.000Z",
                    "graduatedDate": null,
                    "school": {
                      "name": "Condon",
                      "logo": "school_74901.png"
                    },
                    "matchTeamPlayer": {
                      "position": 1
                    }
                  },
                  {
                    "id": 121392,
                    "firstName": "Alec",
                    "lastName": "Jamieson",
                    "grade": "12",
                    "genderId": 1,
                    "schoolId": 74901,
                    "updatedAt": "2025-06-18T18:37:50.000Z",
                    "graduatedDate": null,
                    "school": {
                      "name": "Condon",
                      "logo": "school_74901.png"
                    },
                    "matchTeamPlayer": {
                      "position": 2
                    }
                  }
                ]
              }
            ]
          }
        ]
      },
      "event": null
    }
  ]
}