{
  "school": {
    "id": 74934,
    "name": "Creswell",
    "address": "33390 E NIEBLOCK LN",
    "zipCode": "97426",
    "lowestGrade": "9",
    "highestGrade": "12",
    "encryptedUri": null,
    "expireDate": null,
    "logo": "school_74934.png",
    "createdAt": "2020-02-11T06:38:48.000Z",
    "updatedAt": "2026-01-15T14:04:53.000Z",
    "deletedAt": null,
    "cityId": 4217,
    "city": {
      "id": 4217,
      "name": "Creswell",
      "stateId": 46,
      "state": {
        "name": "Oregon",
        "abbr": "OR"
      }
    }
  },
  "coaches": [
    {
      "id": 2701,
      "firstName": "Amanda",
      "lastName": "Lewis ",
      "address": "33390 Niblock Ln, Creswell, OR 97426",
      "phone": "(541) 895-6025",
      "email": "alewis@creswell.k12.or.us",
      "division": "3A",
      "schoolId": 74934,
      "genderId": 1
    }
  ],
  "overallRecord": {
    "win": 1,
    "loss": 0,
    "tie": 0
  },
  "meets": [
    {
      "id": 176579,
      "title": "Event (SD3&5/5A-3&4/6A-1&2&3&7-DISTRICT). 4A/3A/2A/1A-SD 3  ",
      "meetDateTime": "2024-05-15T19:04:04.000Z",
      "postSeason": true,
      "approveMeet": true,
      "eventId": 530,
      "winnerSchoolId": null,
      "coach": null,
      "schools": {
        "winners": [
          {
            "id": 124823,
            "name": "St Mary's of Medford",
            "logo": "school_124823.png",
            "score": 26,
            "winnerSchoolId": null
          }
        ],
        "losers": [
          {
            "id": 75219,
            "name": "Klamath Union",
            "logo": "school_75219.png",
            "score": 9,
            "winnerSchoolId": null
          },
          {
            "id": 75205,
            "name": "Henley",
            "logo": "school_75205.png",
            "score": 5,
            "winnerSchoolId": null
          },
          {
            "id": 74929,
            "name": "Marshfield",
            "logo": "school_74929.png",
            "score": 4,
            "winnerSchoolId": null
          },
          {
            "id": 75207,
            "name": "Mazama",
            "logo": "school_75207.png",
            "score": 3,
            "winnerSchoolId": null
          },
          {
            "id": 75366,
            "name": "North Bend",
            "logo": "school_75366.png",
            "score": 3,
            "winnerSchoolId": null
          },
          {
            "id": 75182,
            "name": "Hidden Valley",
            "logo": "school_75182.png",
            "score": 2,
            "winnerSchoolId": null
          },
          {
            "id": 75184,
            "name": "North Valley",
            "logo": "school_75184.png",
            "score": 2,
            "winnerSchoolId": null
          },
          {
            "id": 124825,
            "name": "Cascade Christian ",
            "logo": "school_124825.png",
            "score": 2,
            "winnerSchoolId": null
          },
          {
            "id": 74934,
            "name": "Creswell",
            "logo": "school_74934.png",
            "score": 1,
            "winnerSchoolId": null
          }
        ]
      },
      "matches": {
        "Doubles": [
          {
            "sets": [
              {
                "2271958": 2,
                "2271959": 6,
                "number": 1,
                "tie": null
              },
              {
                "2271958": 0,
                "2271959": 6,
                "number": 2,
                "tie": null
              }
            ],
            "id": 1135998,
            "flight": "1",
            "matchType": "Doubles",
            "finish": null,
            "winnerTeamId": 2271959,
            "genderId": 1,
            "isNotVarsity": false,
            "matchTeams": [
              {
                "id": 2271958,
                "isWinner": false,
                "players": [
                  {
                    "id": 147068,
                    "firstName": "Henry",
                    "lastName": "Ramos",
                    "grade": "Graduated",
                    "genderId": 1,
                    "schoolId": 75207,
                    "updatedAt": "2025-06-18T18:37:50.000Z",
                    "graduatedDate": "2024-04-05T01:33:07.000Z",
                    "school": {
                      "name": "Mazama",
                      "logo": "school_75207.png"
                    },
                    "matchTeamPlayer": {
                      "position": 2
                    }
                  },
                  {
                    "id": 147849,
                    "firstName": "Amethyst",
                    "lastName": "Hantzmon",
                    "grade": "Graduated",
                    "genderId": 1,
                    "schoolId": 75207,
                    "updatedAt": "2025-06-18T18:37:50.000Z",
                    "graduatedDate": "2024-04-05T01:33:12.000Z",
                    "school": {
                      "name": "Mazama",
                      "logo": "school_75207.png"
                    },
                    "matchTeamPlayer": {
                      "position": 1
                    }
                  }
                ]
              },
              {
                "id": 2271959,
                "isWinner": true,
                "players": [
                  {
                    "id": 121798,
                    "firstName": "Thomas",
                    "lastName": "Wilson",
                    "grade": "12",
                    "genderId": 1,
                    "schoolId": 75205,
                    "updatedAt": "2025-06-18T18:37:50.000Z",
                    "graduatedDate": null,
                    "school": {
                      "name": "Henley",
                      "logo": "school_75205.png"
                    },
                    "matchTeamPlayer": {
                      "position": 1
                    }
                  },
                  {
                    "id": 145972,
                    "firstName": "Jaime",
                    "lastName": "Pizano",
                    "grade": "Graduated",
                    "genderId": 1,
                    "schoolId": 75205,
                    "updatedAt": "2025-06-18T18:37:50.000Z",
                    "graduatedDate": "2024-03-23T14:23:16.000Z",
                    "school": {
                      "name": "Henley",
                      "logo": "school_75205.png"
                    },
                    "matchTeamPlayer": {
                      "position": 2
                    }
                  }
                ]
              }
            ]
          },
          {
            "sets": [
              {
                "2271964": 7,
                "2271965": 5,
                "number": 1,
                "tie": null
              },
              {
                "2271964": 6,
                "2271965": 1,
                "number": 2,
                "tie": null
              },
              {
                "2271964": null,
                "2271965": null,
                "number": 3,
                "tie": null
              }
            ],
            "id": 1136001,
            "flight": "1",
            "matchType": "Doubles",
            "finish": null,
            "winnerTeamId": 2271964,
            "genderId": 1,
            "isNotVarsity": false,
            "matchTeams": [
              {
                "id": 2271964,
                "isWinner": true,
                "players": [
                  {
                    "id": 104999,
                    "firstName": "Noah",
                    "lastName": "Harrington",
                    "grade": "Graduated",
                    "genderId": 1,
                    "schoolId": 124825,
                    "updatedAt": "2025-06-18T18:37:50.000Z",
                    "graduatedDate": "2025-06-18T18:44:19.000Z",
                    "school": {
                      "name": "Cascade Christian ",
                      "logo": "school_124825.png"
                    },
                    "matchTeamPlayer": {
                      "position": 2
                    }
                  },
                  {
                    "id": 124064,
                    "firstName": "Jonah",
                    "lastName": "Johnson",
                    "grade": "12",
                    "genderId": 1,
                    "schoolId": 124825,
                    "updatedAt": "2025-06-18T18:37:50.000Z",
                    "graduatedDate": null,
                    "school": {
                      "name": "Cascade Christian ",
                      "logo": "school_124825.png"
                    },
                    "matchTeamPlayer": {
                      "position": 1
                    }
                  }
                ]
              },
              {
                "id": 2271965,
                "isWinner": false,
                "players": [
                  {
                    "id": 121068,
                    "firstName": "Jonah",
                    "lastName": "Putman",
                    "grade": "Graduated",
                    "genderId": 1,
                    "schoolId": 74929,
                    "updatedAt": "2025-06-18T18:37:50.000Z",
                    "graduatedDate": "2023-03-02T22:13:45.000Z",
                    "school": {
                      "name": "Marshfield",
                      "logo": "school_74929.png"
                    },
                    "matchTeamPlayer": {
                      "position": 2
                    }
                  },
                  {
                    "id": 124718,
                    "firstName": "Mark",
                    "lastName": "Bowles",
                    "grade": "Graduated",
                    "genderId": 1,
                    "schoolId": 74929,
                    "updatedAt": "2025-06-18T18:37:50.000Z",
                    "graduatedDate": "2025-06-18T18:44:19.000Z",
                    "school": {
                      "name": "Marshfield",
                      "logo": "school_74929.png"
                    },
                    "matchTeamPlayer": {
                      "position": 1
                    }
                  }
                ]
              }
            ]
          },
          {
            "sets": [
              {
                "2271976": 1,
                "2271977": 6,
                "number": 1,
                "tie": null
              },
              {
                "2271976": 2,
                "2271977": 6,
                "number": 2,
                "tie": null
              }
            ],
            "id": 1136007,
            "flight": "1",
            "matchType": "Doubles",
            "finish": null,
            "winnerTeamId": 2271977,
            "genderId": 1,
            "isNotVarsity": false,
            "matchTeams": [
              {
                "id": 2271976,
                "isWinner": false,
                "players": [
                  {
                    "id": 129513,
                    "firstName": "Irie",
                    "lastName": "Shephardson",
                    "grade": "Graduated",
                    "genderId": 1,
                    "schoolId": 75182,
                    "updatedAt": "2025-06-18T18:37:50.000Z",
                    "graduatedDate": "2025-06-18T18:44:19.000Z",
                    "school": {
                      "name": "Hidden Valley",
                      "logo": "school_75182.png"
                    },
                    "matchTeamPlayer": {
                      "position": 2
                    }
                  },
                  {
                    "id": 129515,
                    "firstName": "Ivan",
                    "lastName": "Bowen",
                    "grade": "Graduated",
                    "genderId": 1,
                    "schoolId": 75182,
                    "updatedAt": "2025-06-18T18:37:50.000Z",
                    "graduatedDate": "2025-06-18T18:44:19.000Z",
                    "school": {
                      "name": "Hidden Valley",
                      "logo": "school_75182.png"
                    },
                    "matchTeamPlayer": {
                      "position": 1
                    }
                  }
                ]
              },
              {
                "id": 2271977,
                "isWinner": true,
                "players": [
                  {
                    "id": 123101,
                    "firstName": "Bao",
                    "lastName": "Pham",
                    "grade": "Graduated",
                    "genderId": 1,
                    "schoolId": 124823,
                    "updatedAt": "2025-06-18T18:37:50.000Z",
                    "graduatedDate": "2025-06-18T18:44:19.000Z",
                    "school": {
                      "name": "St Mary's of Medford",
                      "logo": "school_124823.png"
                    },
                    "matchTeamPlayer": {
                      "position": 1
                    }
                  },
                  {
                    "id": 141054,
                    "firstName": "Case",
                    "lastName": "Johnston",
                    "grade": "11",
                    "genderId": 1,
                    "schoolId": 124823,
                    "updatedAt": "2025-06-18T18:37:50.000Z",
                    "graduatedDate": null,
                    "school": {
                      "name": "St Mary's of Medford",
                      "logo": "school_124823.png"
                    },
                    "matchTeamPlayer": {
                      "position": 2
                    }
                  }
                ]
              }
            ]
          }
        ],
        "Singles": [
          {
            "sets": [
              {
                "2273430": 7,
                "2273431": 5,
                "number": 1,
                "tie": null
              },
              {
                "2273430": 7,
                "2273431": 5,
                "number": 2,
                "tie": null
              },
              {
                "2273430": null,
                "2273431": null,
                "number": 3,
                "tie": null
              }
            ],
            "id": 1136734,
            "flight": "1",
            "matchType": "Singles",
            "finish": null,
            "winnerTeamId": 2273430,
            "genderId": 1,
            "isNotVarsity": false,
            "matchTeams": [
              {
                "id": 2273430,
                "isWinner": true,
                "players": [
                  {
                    "id": 121066,
                    "firstName": "Devon",
                    "lastName": "Pederson",
                    "grade": "12",
                    "genderId": 1,
                    "schoolId": 74929,
                    "updatedAt": "2025-06-18T18:37:50.000Z",
                    "graduatedDate": null,
                    "school": {
                      "name": "Marshfield",
                      "logo": "school_74929.png"
                    },
                    "matchTeamPlayer": {
                      "position": 1
                    }
                  }
                ]
              },
              {
                "id": 2273431,
                "isWinner": false,
                "players": [
                  {
                    "id": 121799,
                    "firstName": "Miles",
                    "lastName": "Dean",
                    "grade": "12",
                    "genderId": 1,
                    "schoolId": 75205,
                    "updatedAt": "2025-06-18T18:37:50.000Z",
                    "graduatedDate": null,
                    "school": {
                      "name": "Henley",
                      "logo": "school_75205.png"
                    },
                    "matchTeamPlayer": {
                      "position": 1
                    }
                  }
                ]
              }
            ]
          },
          {
            "sets": [
              {
                "2273452": 1,
                "2273453": 6,
                "number": 1,
                "tie": null
              },
              {
                "2273452": 6,
                "2273453": 2,
                "number": 2,
                "tie": null
              },
              {
                "2273452": 0,
                "2273453": 1,
                "number": 3,
                "tie": null
              }
            ],
            "id": 1136745,
            "flight": "1",
            "matchType": "Singles",
            "finish": null,
            "winnerTeamId": 2273453,
            "genderId": 1,
            "isNotVarsity": false,
            "matchTeams": [
              {
                "id": 2273452,
                "isWinner": false,
                "players": [
                  {
                    "id": 129512,
                    "firstName": "Daughtry",
                    "lastName": "Prins",
                    "grade": "12",
                    "genderId": 1,
                    "schoolId": 75182,
                    "updatedAt": "2025-06-18T18:37:50.000Z",
                    "graduatedDate": null,
                    "school": {
                      "name": "Hidden Valley",
                      "logo": "school_75182.png"
                    },
                    "matchTeamPlayer": {
                      "position": 1
                    }
                  }
                ]
              },
              {
                "id": 2273453,
                "isWinner": true,
                "players": [
                  {
                    "id": 123826,
                    "firstName": "Trenton",
                    "lastName": "Brophy",
                    "grade": "12",
                    "genderId": 1,
                    "schoolId": 75207,
                    "updatedAt": "2025-06-18T18:37:50.000Z",
                    "graduatedDate": null,
                    "school": {
                      "name": "Mazama",
                      "logo": "school_75207.png"
                    },
                    "matchTeamPlayer": {
                      "position": 1
                    }
                  }
                ]
              }
            ]
          },
          {
            "sets": [
              {
                "2273454": 6,
                "2273455": 0,
                "number": 1,
                "tie": null
              },
              {
                "2273454": 6,
                "2273455": 0,
                "number": 2,
                "tie": null
              }
            ],
            "id": 1136746,
            "flight": "1",
            "matchType": "Singles",
            "finish": null,
            "winnerTeamId": 2273454,
            "genderId": 1,
            "isNotVarsity": false,
            "matchTeams": [
              {
                "id": 2273454,
                "isWinner": true,
                "players": [
                  {
                    "id": 147191,
                    "firstName": "Charles",
                    "lastName": "Janasik",
                    "grade": "Graduated",
                    "genderId": 1,
                    "schoolId": 75184,
                    "updatedAt": "2025-06-18T18:37:50.000Z",
                    "graduatedDate": "2025-06-18T18:44:19.000Z",
                    "school": {
                      "name": "North Valley",
                      "logo": "school_75184.png"
                    },
                    "matchTeamPlayer": {
                      "position": 1
                    }
                  }
                ]
              },
              {
                "id": 2273455,
                "isWinner": false,
                "players": [
                  {
                    "id": 105050,
                    "firstName": "Keegan",
                    "lastName": "Lane",
                    "grade": "Graduated",
                    "genderId": 1,
                    "schoolId": 75182,
                    "updatedAt": "2025-06-18T18:37:50.000Z",
                    "graduatedDate": "2025-06-18T18:44:19.000Z",
                    "school": {
                      "name": "Hidden Valley",
                      "logo": "school_75182.png"
                    },
                    "matchTeamPlayer": {
                      "position": 1
                    }
                  }
                ]
              }
            ]
          }
        ]
      },
      "event": {
        "id": 530,
        "bracketType": 32,
        "name": "SD3&5/5A-3&4/6A-1&2&3&7-DISTRICT",
        "logo": null
      }
    },
    {
      "id": 176617,
      "title": "Event (SD3&5/5A-3&4/6A-1&2&3&7-DISTRICT). 4A/3A/2A/1A-SD 3 Consolation ",
      "meetDateTime": "2024-05-15T19:04:04.000Z",
      "postSeason": true,
      "approveMeet": true,
      "eventId": 530,
      "winnerSchoolId": null,
      "coach": null,
      "schools": {
        "winners": [
          {
            "id": 74929,
            "name": "Marshfield",
            "logo": "school_74929.png",
            "score": 9,
            "winnerSchoolId": null
          }
        ],
        "losers": [
          {
            "id": 75205,
            "name": "Henley",
            "logo": "school_75205.png",
            "score": 7,
            "winnerSchoolId": null
          },
          {
            "id": 75182,
            "name": "Hidden Valley",
            "logo": "school_75182.png",
            "score": 2,
            "winnerSchoolId": null
          },
          {
            "id": 75219,
            "name": "Klamath Union",
            "logo": "school_75219.png",
            "score": 2,
            "winnerSchoolId": null
          },
          {
            "id": 124825,
            "name": "Cascade Christian ",
            "logo": "school_124825.png",
            "score": 2,
            "winnerSchoolId": null
          },
          {
            "id": 75184,
            "name": "North Valley",
            "logo": "school_75184.png",
            "score": 1,
            "winnerSchoolId": null
          },
          {
            "id": 74934,
            "name": "Creswell",
            "logo": "school_74934.png",
            "score": 0,
            "winnerSchoolId": null
          },
          {
            "id": 75207,
            "name": "Mazama",
            "logo": "school_75207.png",
            "score": 0,
            "winnerSchoolId": null
          },
          {
            "id": 75366,
            "name": "North Bend",
            "logo": "school_75366.png",
            "score": 0,
            "winnerSchoolId": null
          },
          {
            "id": 124823,
            "name": "St Mary's of Medford",
            "logo": "school_124823.png",
            "score": 0,
            "winnerSchoolId": null
          }
        ]
      },
      "matches": {
        "Singles": [
          {
            "sets": [
              {
                "2274990": 4,
                "2274991": 8,
                "number": 1,
                "tie": null
              }
            ],
            "id": 1137514,
            "flight": "1",
            "matchType": "Singles",
            "finish": null,
            "winnerTeamId": 2274991,
            "genderId": 1,
            "isNotVarsity": false,
            "matchTeams": [
              {
                "id": 2274990,
                "isWinner": false,
                "players": [
                  {
                    "id": 129512,
                    "firstName": "Daughtry",
                    "lastName": "Prins",
                    "grade": "12",
                    "genderId": 1,
                    "schoolId": 75182,
                    "updatedAt": "2025-06-18T18:37:50.000Z",
                    "graduatedDate": null,
                    "school": {
                      "name": "Hidden Valley",
                      "logo": "school_75182.png"
                    },
                    "matchTeamPlayer": {
                      "position": 1
                    }
                  }
                ]
              },
              {
                "id": 2274991,
                "isWinner": true,
                "players": [
                  {
                    "id": 144442,
                    "firstName": "Ford",
                    "lastName": "Moening",
                    "grade": "11",
                    "genderId": 1,
                    "schoolId": 124825,
                    "updatedAt": "2025-06-18T18:37:50.000Z",
                    "graduatedDate": null,
                    "school": {
                      "name": "Cascade Christian ",
                      "logo": "school_124825.png"
                    },
                    "matchTeamPlayer": {
                      "position": 1
                    }
                  }
                ]
              }
            ]
          },
          {
            "sets": [
              {
                "2274992": 8,
                "2274993": 5,
                "number": 1,
                "tie": null
              }
            ],
            "id": 1137515,
            "flight": "1",
            "matchType": "Singles",
            "finish": null,
            "winnerTeamId": 2274992,
            "genderId": 1,
            "isNotVarsity": false,
            "matchTeams": [
              {
                "id": 2274992,
                "isWinner": true,
                "players": [
                  {
                    "id": 105050,
                    "firstName": "Keegan",
                    "lastName": "Lane",
                    "grade": "Graduated",
                    "genderId": 1,
                    "schoolId": 75182,
                    "updatedAt": "2025-06-18T18:37:50.000Z",
                    "graduatedDate": "2025-06-18T18:44:19.000Z",
                    "school": {
                      "name": "Hidden Valley",
                      "logo": "school_75182.png"
                    },
                    "matchTeamPlayer": {
                      "position": 1
                    }
                  }
                ]
              },
              {
                "id": 2274993,
                "isWinner": false,
                "players": [
                  {
                    "id": 144444,
                    "firstName": "Noah",
                    "lastName": "Flores",
                    "grade": "11",
                    "genderId": 1,
                    "schoolId": 124825,
                    "updatedAt": "2025-06-18T18:37:50.000Z",
                    "graduatedDate": null,
                    "school": {
                      "name": "Cascade Christian ",
                      "logo": "school_124825.png"
                    },
                    "matchTeamPlayer": {
                      "position": 1
                    }
                  }
                ]
              }
            ]
          },
          {
            "sets": [
              {
                "2274996": 1,
                "2274997": 8,
                "number": 1,
                "tie": null
              }
            ],
            "id": 1137517,
            "flight": "1",
            "matchType": "Singles",
            "finish": null,
            "winnerTeamId": 2274997,
            "genderId": 1,
            "isNotVarsity": false,
            "matchTeams": [
              {
                "id": 2274996,
                "isWinner": false,
                "players": [
                  {
                    "id": 102561,
                    "firstName": "Matthew",
                    "lastName": "Richards",
                    "grade": "Graduated",
                    "genderId": 1,
                    "schoolId": 75366,
                    "updatedAt": "2025-06-18T18:37:50.000Z",
                    "graduatedDate": "2022-03-18T20:39:26.000Z",
                    "school": {
                      "name": "North Bend",
                      "logo": "school_75366.png"
                    },
                    "matchTeamPlayer": {
                      "position": 1
                    }
                  }
                ]
              },
              {
                "id": 2274997,
                "isWinner": true,
                "players": [
                  {
                    "id": 121063,
                    "firstName": "Jake",
                    "lastName": "Green",
                    "grade": "Graduated",
                    "genderId": 1,
                    "schoolId": 74929,
                    "updatedAt": "2025-06-18T18:37:50.000Z",
                    "graduatedDate": "2023-03-02T22:12:18.000Z",
                    "school": {
                      "name": "Marshfield",
                      "logo": "school_74929.png"
                    },
                    "matchTeamPlayer": {
                      "position": 1
                    }
                  }
                ]
              }
            ]
          }
        ],
        "Doubles": [
          {
            "sets": [
              {
                "2275010": 0,
                "2275011": 8,
                "number": 1,
                "tie": null
              }
            ],
            "id": 1137524,
            "flight": "1",
            "matchType": "Doubles",
            "finish": null,
            "winnerTeamId": 2275011,
            "genderId": 1,
            "isNotVarsity": false,
            "matchTeams": [
              {
                "id": 2275010,
                "isWinner": false,
                "players": [
                  {
                    "id": 147068,
                    "firstName": "Henry",
                    "lastName": "Ramos",
                    "grade": "Graduated",
                    "genderId": 1,
                    "schoolId": 75207,
                    "updatedAt": "2025-06-18T18:37:50.000Z",
                    "graduatedDate": "2024-04-05T01:33:07.000Z",
                    "school": {
                      "name": "Mazama",
                      "logo": "school_75207.png"
                    },
                    "matchTeamPlayer": {
                      "position": 2
                    }
                  },
                  {
                    "id": 147849,
                    "firstName": "Amethyst",
                    "lastName": "Hantzmon",
                    "grade": "Graduated",
                    "genderId": 1,
                    "schoolId": 75207,
                    "updatedAt": "2025-06-18T18:37:50.000Z",
                    "graduatedDate": "2024-04-05T01:33:12.000Z",
                    "school": {
                      "name": "Mazama",
                      "logo": "school_75207.png"
                    },
                    "matchTeamPlayer": {
                      "position": 1
                    }
                  }
                ]
              },
              {
                "id": 2275011,
                "isWinner": true,
                "players": [
                  {
                    "id": 121068,
                    "firstName": "Jonah",
                    "lastName": "Putman",
                    "grade": "Graduated",
                    "genderId": 1,
                    "schoolId": 74929,
                    "updatedAt": "2025-06-18T18:37:50.000Z",
                    "graduatedDate": "2023-03-02T22:13:45.000Z",
                    "school": {
                      "name": "Marshfield",
                      "logo": "school_74929.png"
                    },
                    "matchTeamPlayer": {
                      "position": 2
                    }
                  },
                  {
                    "id": 124718,
                    "firstName": "Mark",
                    "lastName": "Bowles",
                    "grade": "Graduated",
                    "genderId": 1,
                    "schoolId": 74929,
                    "updatedAt": "2025-06-18T18:37:50.000Z",
                    "graduatedDate": "2025-06-18T18:44:19.000Z",
                    "school": {
                      "name": "Marshfield",
                      "logo": "school_74929.png"
                    },
                    "matchTeamPlayer": {
                      "position": 1
                    }
                  }
                ]
              }
            ]
          },
          {
            "sets": [
              {
                "2275012": 5,
                "2275013": 8,
                "number": 1,
                "tie": null
              }
            ],
            "id": 1137525,
            "flight": "1",
            "matchType": "Doubles",
            "finish": null,
            "winnerTeamId": 2275013,
            "genderId": 1,
            "isNotVarsity": false,
            "matchTeams": [
              {
                "id": 2275012,
                "isWinner": false,
                "players": [
                  {
                    "id": 129513,
                    "firstName": "Irie",
                    "lastName": "Shephardson",
                    "grade": "Graduated",
                    "genderId": 1,
                    "schoolId": 75182,
                    "updatedAt": "2025-06-18T18:37:50.000Z",
                    "graduatedDate": "2025-06-18T18:44:19.000Z",
                    "school": {
                      "name": "Hidden Valley",
                      "logo": "school_75182.png"
                    },
                    "matchTeamPlayer": {
                      "position": 1
                    }
                  },
                  {
                    "id": 129515,
                    "firstName": "Ivan",
                    "lastName": "Bowen",
                    "grade": "Graduated",
                    "genderId": 1,
                    "schoolId": 75182,
                    "updatedAt": "2025-06-18T18:37:50.000Z",
                    "graduatedDate": "2025-06-18T18:44:19.000Z",
                    "school": {
                      "name": "Hidden Valley",
                      "logo": "school_75182.png"
                    },
                    "matchTeamPlayer": {
                      "position": 2
                    }
                  }
                ]
              },
              {
                "id": 2275013,
                "isWinner": true,
                "players": [
                  {
                    "id": 147189,
                    "firstName": "Hunter ",
                    "lastName": "Goode",
                    "grade": "Graduated",
                    "genderId": 1,
                    "schoolId": 75184,
                    "updatedAt": "2025-06-18T18:37:50.000Z",
                    "graduatedDate": "2025-06-18T18:44:19.000Z",
                    "school": {
                      "name": "North Valley",
                      "logo": "school_75184.png"
                    },
                    "matchTeamPlayer": {
                      "position": 2
                    }
                  },
                  {
                    "id": 147195,
                    "firstName": "Gideon",
                    "lastName": "Roby",
                    "grade": "Graduated",
                    "genderId": 1,
                    "schoolId": 75184,
                    "updatedAt": "2025-06-18T18:37:50.000Z",
                    "graduatedDate": "2025-06-18T18:44:19.000Z",
                    "school": {
                      "name": "North Valley",
                      "logo": "school_75184.png"
                    },
                    "matchTeamPlayer": {
                      "position": 1
                    }
                  }
                ]
              }
            ]
          },
          {
            "sets": [
              {
                "2275014": 8,
                "2275015": 4,
                "number": 1,
                "tie": null
              }
            ],
            "id": 1137526,
            "flight": "1",
            "matchType": "Doubles",
            "finish": null,
            "winnerTeamId": 2275014,
            "genderId": 1,
            "isNotVarsity": false,
            "matchTeams": [
              {
                "id": 2275014,
                "isWinner": true,
                "players": [
                  {
                    "id": 122255,
                    "firstName": "Jack",
                    "lastName": "Jensen",
                    "grade": "Graduated",
                    "genderId": 1,
                    "schoolId": 75219,
                    "updatedAt": "2025-06-18T18:37:50.000Z",
                    "graduatedDate": "2025-06-18T18:44:19.000Z",
                    "school": {
                      "name": "Klamath Union",
                      "logo": "school_75219.png"
                    },
                    "matchTeamPlayer": {
                      "position": 2
                    }
                  },
                  {
                    "id": 145774,
                    "firstName": "Lucas",
                    "lastName": "Perez",
                    "grade": "12",
                    "genderId": 1,
                    "schoolId": 75219,
                    "updatedAt": "2025-06-18T18:37:50.000Z",
                    "graduatedDate": null,
                    "school": {
                      "name": "Klamath Union",
                      "logo": "school_75219.png"
                    },
                    "matchTeamPlayer": {
                      "position": 1
                    }
                  }
                ]
              },
              {
                "id": 2275015,
                "isWinner": false,
                "players": [
                  {
                    "id": 104995,
                    "firstName": "Jonah",
                    "lastName": "Parker",
                    "grade": "Graduated",
                    "genderId": 1,
                    "schoolId": 124825,
                    "updatedAt": "2025-06-18T18:37:50.000Z",
                    "graduatedDate": "2022-04-01T18:44:23.000Z",
                    "school": {
                      "name": "Cascade Christian ",
                      "logo": "school_124825.png"
                    },
                    "matchTeamPlayer": {
                      "position": 1
                    }
                  },
                  {
                    "id": 144445,
                    "firstName": "Levi",
                    "lastName": "Ennis-Haro",
                    "grade": "11",
                    "genderId": 1,
                    "schoolId": 124825,
                    "updatedAt": "2025-06-18T18:37:50.000Z",
                    "graduatedDate": null,
                    "school": {
                      "name": "Cascade Christian ",
                      "logo": "school_124825.png"
                    },
                    "matchTeamPlayer": {
                      "position": 2
                    }
                  }
                ]
              }
            ]
          }
        ]
      },
      "event": {
        "id": 530,
        "bracketType": 32,
        "name": "SD3&5/5A-3&4/6A-1&2&3&7-DISTRICT",
        "logo": null
      }
    },
    {
      "id": 176567,
      "title": "Churchill Dual",
      "meetDateTime": "2024-04-18T07:00:00.000Z",
      "postSeason": false,
      "approveMeet": true,
      "eventId": null,
      "winnerSchoolId": null,
      "coach": {
        "schoolId": 74934,
        "firstName": "Amanda",
        "lastName": "Lewis ",
        "genderId": 1,
        "email": "alewis@creswell.k12.or.us",
        "phone": "(541) 895-6025",
        "school": {
          "name": "Creswell",
          "logo": "school_74934.png"
        }
      },
      "schools": {
        "winners": [
          {
            "id": 74934,
            "name": "Creswell",
            "logo": "school_74934.png",
            "score": 1,
            "winnerSchoolId": null
          }
        ],
        "losers": [
          {
            "id": 75034,
            "name": "Churchill",
            "logo": "school_75034.png",
            "score": 0,
            "winnerSchoolId": null
          }
        ]
      },
      "matches": {
        "Singles": [
          {
            "sets": [
              {
                "2271870": 6,
                "2271871": 1,
                "number": 1,
                "tie": null
              },
              {
                "2271870": 6,
                "2271871": 1,
                "number": 2,
                "tie": null
              }
            ],
            "id": 1135954,
            "flight": "1",
            "matchType": "Singles",
            "finish": null,
            "winnerTeamId": 2271870,
            "genderId": 1,
            "isNotVarsity": false,
            "matchTeams": [
              {
                "id": 2271870,
                "isWinner": true,
                "players": [
                  {
                    "id": 108646,
                    "firstName": "Joseph",
                    "lastName": "Lewis",
                    "grade": "Graduated",
                    "genderId": 1,
                    "schoolId": 74934,
                    "updatedAt": "2025-06-18T18:37:50.000Z",
                    "graduatedDate": "2025-06-18T18:44:19.000Z",
                    "school": {
                      "name": "Creswell",
                      "logo": "school_74934.png"
                    },
                    "matchTeamPlayer": {
                      "position": 1
                    }
                  }
                ]
              },
              {
                "id": 2271871,
                "isWinner": false,
                "players": []
              }
            ]
          }
        ]
      },
      "event": null
    }
  ]
}