{
  "school": {
    "id": 75188,
    "name": "Junction City",
    "address": "1135 W 6TH ST",
    "zipCode": "97448",
    "lowestGrade": "9",
    "highestGrade": "12",
    "encryptedUri": null,
    "expireDate": null,
    "logo": "school_75188.png",
    "createdAt": "2020-02-11T06:38:49.000Z",
    "updatedAt": "2026-01-15T15:22:29.000Z",
    "deletedAt": null,
    "cityId": 9139,
    "city": {
      "id": 9139,
      "name": "Junction city",
      "stateId": 46,
      "state": {
        "name": "Oregon",
        "abbr": "OR"
      }
    }
  },
  "coaches": [
    {
      "id": 3977,
      "firstName": "Ty",
      "lastName": "Misialek",
      "address": "OrB",
      "phone": "(222) 222-3333",
      "email": "tymisialek3@gmail.com",
      "division": "Coach",
      "schoolId": 75188,
      "genderId": 1
    }
  ],
  "meets": []
}