{
  "school": {
    "id": 7070618,
    "name": "Riverside (West Linn - Wilsonville)",
    "address": "22210 SW Stafford Road  Tualatin, OR ",
    "zipCode": "97062",
    "lowestGrade": "6",
    "highestGrade": "12",
    "encryptedUri": null,
    "expireDate": null,
    "logo": "school_7070618.png",
    "createdAt": "2024-05-05T19:34:22.000Z",
    "updatedAt": "2026-01-15T15:49:53.000Z",
    "deletedAt": null,
    "cityId": 19518,
    "city": {
      "id": 19518,
      "name": "West linn",
      "stateId": 46,
      "state": {
        "name": "Oregon",
        "abbr": "OR"
      }
    }
  },
  "coaches": [
    {
      "id": 4001,
      "firstName": "James",
      "lastName": "Shishido",
      "address": "X",
      "phone": "(503) 806-0442",
      "email": "shishidj@wlwv.k12.or.us",
      "division": "3A",
      "schoolId": 7070618,
      "genderId": 1
    }
  ],
  "overallRecord": {
    "win": 0,
    "loss": 0,
    "tie": 0
  },
  "meets": [
    {
      "id": 198318,
      "title": "Event (SD 1,2,3/5A-1&3/6A-3&4-Boys). 4A/3A/2A/1A-SD1   ",
      "meetDateTime": "2025-05-13T00:48:05.000Z",
      "postSeason": true,
      "approveMeet": true,
      "eventId": 644,
      "winnerSchoolId": null,
      "coach": null,
      "schools": {
        "winners": [
          {
            "id": 124884,
            "name": "Oregon Episcopal School",
            "logo": "school_124884.png",
            "score": 16,
            "winnerSchoolId": null
          }
        ],
        "losers": [
          {
            "id": 124895,
            "name": "Catlin Gabel School",
            "logo": "school_124895.png",
            "score": 15,
            "winnerSchoolId": null
          },
          {
            "id": 124983,
            "name": "Blanchet School",
            "logo": "school_124983.png",
            "score": 6,
            "winnerSchoolId": null
          },
          {
            "id": 75619,
            "name": "Riverdale",
            "logo": "school_75619.png",
            "score": 4,
            "winnerSchoolId": null
          },
          {
            "id": 124656,
            "name": "Valley Catholic School",
            "logo": "school_124656.png",
            "score": 4,
            "winnerSchoolId": null
          },
          {
            "id": 7070593,
            "name": "Trinity Academy",
            "logo": "school_7070593.png",
            "score": 2,
            "winnerSchoolId": null
          },
          {
            "id": 75818,
            "name": "St Helens",
            "logo": "school_75818.png",
            "score": 1,
            "winnerSchoolId": null
          },
          {
            "id": 7070618,
            "name": "Riverside (West Linn - Wilsonville)",
            "logo": "school_7070618.png",
            "score": 1,
            "winnerSchoolId": null
          }
        ]
      },
      "matches": {
        "Singles": [
          {
            "sets": [
              {
                "2664620": 0,
                "2664621": 6,
                "number": 1,
                "tie": null
              },
              {
                "2664620": 1,
                "2664621": 6,
                "number": 2,
                "tie": null
              }
            ],
            "id": 1332345,
            "flight": "1",
            "matchType": "Singles",
            "finish": null,
            "winnerTeamId": 2664621,
            "genderId": 1,
            "isNotVarsity": false,
            "matchTeams": [
              {
                "id": 2664620,
                "isWinner": false,
                "players": [
                  {
                    "id": 142833,
                    "firstName": "Damian",
                    "lastName": "Ventura",
                    "grade": "12",
                    "genderId": 1,
                    "schoolId": 124983,
                    "updatedAt": "2025-06-18T18:37:50.000Z",
                    "graduatedDate": null,
                    "school": {
                      "name": "Blanchet School",
                      "logo": "school_124983.png"
                    },
                    "matchTeamPlayer": {
                      "position": 1
                    }
                  }
                ]
              },
              {
                "id": 2664621,
                "isWinner": true,
                "players": [
                  {
                    "id": 122944,
                    "firstName": "Oz",
                    "lastName": "Janke",
                    "grade": "12",
                    "genderId": 1,
                    "schoolId": 75818,
                    "updatedAt": "2025-06-18T18:37:50.000Z",
                    "graduatedDate": null,
                    "school": {
                      "name": "St Helens",
                      "logo": "school_75818.png"
                    },
                    "matchTeamPlayer": {
                      "position": 1
                    }
                  }
                ]
              }
            ]
          },
          {
            "sets": [
              {
                "2664622": 0,
                "2664623": 6,
                "number": 1,
                "tie": null
              },
              {
                "2664622": 0,
                "2664623": 6,
                "number": 2,
                "tie": null
              }
            ],
            "id": 1332346,
            "flight": "1",
            "matchType": "Singles",
            "finish": null,
            "winnerTeamId": 2664623,
            "genderId": 1,
            "isNotVarsity": false,
            "matchTeams": [
              {
                "id": 2664622,
                "isWinner": false,
                "players": [
                  {
                    "id": 100269,
                    "firstName": "Gabriel",
                    "lastName": "Barker",
                    "grade": "Graduated",
                    "genderId": 1,
                    "schoolId": 75818,
                    "updatedAt": "2025-06-18T18:37:50.000Z",
                    "graduatedDate": "2025-06-18T18:44:19.000Z",
                    "school": {
                      "name": "St Helens",
                      "logo": "school_75818.png"
                    },
                    "matchTeamPlayer": {
                      "position": 1
                    }
                  }
                ]
              },
              {
                "id": 2664623,
                "isWinner": true,
                "players": [
                  {
                    "id": 144941,
                    "firstName": "Sully",
                    "lastName": "Cagney",
                    "grade": "11",
                    "genderId": 1,
                    "schoolId": 124895,
                    "updatedAt": "2025-06-18T18:37:50.000Z",
                    "graduatedDate": null,
                    "school": {
                      "name": "Catlin Gabel School",
                      "logo": "school_124895.png"
                    },
                    "matchTeamPlayer": {
                      "position": 1
                    }
                  }
                ]
              }
            ]
          },
          {
            "sets": [
              {
                "2664624": 6,
                "2664625": 0,
                "number": 1,
                "tie": null
              },
              {
                "2664624": 6,
                "2664625": 0,
                "number": 2,
                "tie": null
              }
            ],
            "id": 1332347,
            "flight": "1",
            "matchType": "Singles",
            "finish": null,
            "winnerTeamId": 2664624,
            "genderId": 1,
            "isNotVarsity": false,
            "matchTeams": [
              {
                "id": 2664624,
                "isWinner": true,
                "players": [
                  {
                    "id": 166882,
                    "firstName": "Jason ",
                    "lastName": "Jiang",
                    "grade": "10",
                    "genderId": 1,
                    "schoolId": 124884,
                    "updatedAt": "2025-06-18T18:37:50.000Z",
                    "graduatedDate": null,
                    "school": {
                      "name": "Oregon Episcopal School",
                      "logo": "school_124884.png"
                    },
                    "matchTeamPlayer": {
                      "position": 1
                    }
                  }
                ]
              },
              {
                "id": 2664625,
                "isWinner": false,
                "players": [
                  {
                    "id": 142791,
                    "firstName": "Aven ",
                    "lastName": "Thornton",
                    "grade": "11",
                    "genderId": 1,
                    "schoolId": 75619,
                    "updatedAt": "2025-06-18T18:37:50.000Z",
                    "graduatedDate": null,
                    "school": {
                      "name": "Riverdale",
                      "logo": "school_75619.png"
                    },
                    "matchTeamPlayer": {
                      "position": 1
                    }
                  }
                ]
              }
            ]
          }
        ],
        "Doubles": [
          {
            "sets": [
              {
                "2664758": 6,
                "2664759": 0,
                "number": 1,
                "tie": null
              },
              {
                "2664758": 6,
                "2664759": 3,
                "number": 2,
                "tie": null
              }
            ],
            "id": 1332414,
            "flight": "1",
            "matchType": "Doubles",
            "finish": null,
            "winnerTeamId": 2664758,
            "genderId": 1,
            "isNotVarsity": false,
            "matchTeams": [
              {
                "id": 2664758,
                "isWinner": true,
                "players": [
                  {
                    "id": 122316,
                    "firstName": "Irekani",
                    "lastName": "Leonaedo",
                    "grade": "12",
                    "genderId": 1,
                    "schoolId": 124983,
                    "updatedAt": "2025-06-18T18:37:50.000Z",
                    "graduatedDate": null,
                    "school": {
                      "name": "Blanchet School",
                      "logo": "school_124983.png"
                    },
                    "matchTeamPlayer": {
                      "position": 2
                    }
                  },
                  {
                    "id": 164427,
                    "firstName": "Diego",
                    "lastName": "Rocha",
                    "grade": "10",
                    "genderId": 1,
                    "schoolId": 124983,
                    "updatedAt": "2025-06-18T18:37:50.000Z",
                    "graduatedDate": null,
                    "school": {
                      "name": "Blanchet School",
                      "logo": "school_124983.png"
                    },
                    "matchTeamPlayer": {
                      "position": 1
                    }
                  }
                ]
              },
              {
                "id": 2664759,
                "isWinner": false,
                "players": [
                  {
                    "id": 122946,
                    "firstName": "Tyler",
                    "lastName": "Lawrence",
                    "grade": "12",
                    "genderId": 1,
                    "schoolId": 75818,
                    "updatedAt": "2025-06-18T18:37:50.000Z",
                    "graduatedDate": null,
                    "school": {
                      "name": "St Helens",
                      "logo": "school_75818.png"
                    },
                    "matchTeamPlayer": {
                      "position": 1
                    }
                  },
                  {
                    "id": 163574,
                    "firstName": "Jack",
                    "lastName": "Roberts",
                    "grade": "Graduated",
                    "genderId": 1,
                    "schoolId": 75818,
                    "updatedAt": "2025-06-18T18:37:50.000Z",
                    "graduatedDate": "2025-06-18T18:44:19.000Z",
                    "school": {
                      "name": "St Helens",
                      "logo": "school_75818.png"
                    },
                    "matchTeamPlayer": {
                      "position": 2
                    }
                  }
                ]
              }
            ]
          },
          {
            "sets": [
              {
                "2664762": 6,
                "2664763": 0,
                "number": 1,
                "tie": null
              },
              {
                "2664762": 6,
                "2664763": 2,
                "number": 2,
                "tie": null
              }
            ],
            "id": 1332416,
            "flight": "1",
            "matchType": "Doubles",
            "finish": null,
            "winnerTeamId": 2664762,
            "genderId": 1,
            "isNotVarsity": false,
            "matchTeams": [
              {
                "id": 2664762,
                "isWinner": true,
                "players": [
                  {
                    "id": 142828,
                    "firstName": "Tialok",
                    "lastName": "Bresino",
                    "grade": "Graduated",
                    "genderId": 1,
                    "schoolId": 124983,
                    "updatedAt": "2025-06-18T18:37:50.000Z",
                    "graduatedDate": "2025-06-18T18:44:19.000Z",
                    "school": {
                      "name": "Blanchet School",
                      "logo": "school_124983.png"
                    },
                    "matchTeamPlayer": {
                      "position": 1
                    }
                  },
                  {
                    "id": 142836,
                    "firstName": "Keyvi",
                    "lastName": "Rocha-Alonso",
                    "grade": "Graduated",
                    "genderId": 1,
                    "schoolId": 124983,
                    "updatedAt": "2025-06-18T18:37:50.000Z",
                    "graduatedDate": "2025-06-18T18:44:19.000Z",
                    "school": {
                      "name": "Blanchet School",
                      "logo": "school_124983.png"
                    },
                    "matchTeamPlayer": {
                      "position": 2
                    }
                  }
                ]
              },
              {
                "id": 2664763,
                "isWinner": false,
                "players": [
                  {
                    "id": 164181,
                    "firstName": "Phineas",
                    "lastName": "Gunderson",
                    "grade": "10",
                    "genderId": 1,
                    "schoolId": 7070593,
                    "updatedAt": "2025-06-18T18:37:50.000Z",
                    "graduatedDate": null,
                    "school": {
                      "name": "Trinity Academy",
                      "logo": "school_7070593.png"
                    },
                    "matchTeamPlayer": {
                      "position": 2
                    }
                  },
                  {
                    "id": 164182,
                    "firstName": "Isaac",
                    "lastName": "Bardone",
                    "grade": "10",
                    "genderId": 1,
                    "schoolId": 7070593,
                    "updatedAt": "2025-06-18T18:37:50.000Z",
                    "graduatedDate": null,
                    "school": {
                      "name": "Trinity Academy",
                      "logo": "school_7070593.png"
                    },
                    "matchTeamPlayer": {
                      "position": 1
                    }
                  }
                ]
              }
            ]
          },
          {
            "sets": [
              {
                "2664902": 6,
                "2664903": 7,
                "number": 1,
                "tie": null
              },
              {
                "2664902": 3,
                "2664903": 6,
                "number": 2,
                "tie": null
              }
            ],
            "id": 1332486,
            "flight": "1",
            "matchType": "Doubles",
            "finish": null,
            "winnerTeamId": 2664903,
            "genderId": 1,
            "isNotVarsity": false,
            "matchTeams": [
              {
                "id": 2664902,
                "isWinner": false,
                "players": [
                  {
                    "id": 140900,
                    "firstName": "Gabriel",
                    "lastName": "Dolan",
                    "grade": "11",
                    "genderId": 1,
                    "schoolId": 124656,
                    "updatedAt": "2025-06-18T18:37:50.000Z",
                    "graduatedDate": null,
                    "school": {
                      "name": "Valley Catholic School",
                      "logo": "school_124656.png"
                    },
                    "matchTeamPlayer": {
                      "position": 1
                    }
                  },
                  {
                    "id": 164796,
                    "firstName": "Marcello",
                    "lastName": "Costa",
                    "grade": "Graduated",
                    "genderId": 1,
                    "schoolId": 124656,
                    "updatedAt": "2025-06-18T18:37:50.000Z",
                    "graduatedDate": "2025-06-18T18:44:19.000Z",
                    "school": {
                      "name": "Valley Catholic School",
                      "logo": "school_124656.png"
                    },
                    "matchTeamPlayer": {
                      "position": 2
                    }
                  }
                ]
              },
              {
                "id": 2664903,
                "isWinner": true,
                "players": [
                  {
                    "id": 173070,
                    "firstName": "Liam",
                    "lastName": "Abbott",
                    "grade": "10",
                    "genderId": 1,
                    "schoolId": 7070618,
                    "updatedAt": "2025-06-18T18:37:50.000Z",
                    "graduatedDate": null,
                    "school": {
                      "name": "Riverside (West Linn - Wilsonville)",
                      "logo": "school_7070618.png"
                    },
                    "matchTeamPlayer": {
                      "position": 2
                    }
                  },
                  {
                    "id": 173071,
                    "firstName": "Aleksander",
                    "lastName": "Vasilko",
                    "grade": "12",
                    "genderId": 1,
                    "schoolId": 7070618,
                    "updatedAt": "2025-06-18T18:37:50.000Z",
                    "graduatedDate": null,
                    "school": {
                      "name": "Riverside (West Linn - Wilsonville)",
                      "logo": "school_7070618.png"
                    },
                    "matchTeamPlayer": {
                      "position": 1
                    }
                  }
                ]
              }
            ]
          }
        ]
      },
      "event": {
        "id": 644,
        "bracketType": 32,
        "name": "SD 1,2,3/5A-1&3/6A-3&4-Boys",
        "logo": "event_644.jpeg"
      }
    }
  ]
}