{
  "school": {
    "id": 74934,
    "name": "Creswell",
    "address": "33390 E NIEBLOCK LN",
    "zipCode": "97426",
    "lowestGrade": "9",
    "highestGrade": "12",
    "encryptedUri": null,
    "expireDate": null,
    "logo": "school_74934.png",
    "createdAt": "2020-02-11T06:38:48.000Z",
    "updatedAt": "2026-01-15T14:04:53.000Z",
    "deletedAt": null,
    "cityId": 4217,
    "city": {
      "id": 4217,
      "name": "Creswell",
      "stateId": 46,
      "state": {
        "name": "Oregon",
        "abbr": "OR"
      }
    }
  },
  "coaches": [
    {
      "id": 2701,
      "firstName": "Amanda",
      "lastName": "Lewis ",
      "address": "33390 Niblock Ln, Creswell, OR 97426",
      "phone": "(541) 895-6025",
      "email": "alewis@creswell.k12.or.us",
      "division": "3A",
      "schoolId": 74934,
      "genderId": 1
    }
  ],
  "overallRecord": {
    "win": 2,
    "loss": 4,
    "tie": 1
  },
  "meets": [
    {
      "id": 198405,
      "title": "Event (SD 1,2,3/5A-1&3/6A-3&4-Boys). 4A/3A/2A/1A-SD3 Consolation ",
      "meetDateTime": "2025-05-13T00:48:05.000Z",
      "postSeason": true,
      "approveMeet": true,
      "eventId": 644,
      "winnerSchoolId": null,
      "coach": null,
      "schools": {
        "winners": [
          {
            "id": 124825,
            "name": "Cascade Christian ",
            "logo": "school_124825.png",
            "score": 9,
            "winnerSchoolId": null
          }
        ],
        "losers": [
          {
            "id": 74929,
            "name": "Marshfield",
            "logo": "school_74929.png",
            "score": 5,
            "winnerSchoolId": null
          },
          {
            "id": 75184,
            "name": "North Valley",
            "logo": "school_75184.png",
            "score": 4,
            "winnerSchoolId": null
          },
          {
            "id": 75182,
            "name": "Hidden Valley",
            "logo": "school_75182.png",
            "score": 3,
            "winnerSchoolId": null
          },
          {
            "id": 75366,
            "name": "North Bend",
            "logo": "school_75366.png",
            "score": 2,
            "winnerSchoolId": null
          },
          {
            "id": 75205,
            "name": "Henley",
            "logo": "school_75205.png",
            "score": 1,
            "winnerSchoolId": null
          },
          {
            "id": 75207,
            "name": "Mazama",
            "logo": "school_75207.png",
            "score": 1,
            "winnerSchoolId": null
          },
          {
            "id": 74934,
            "name": "Creswell",
            "logo": "school_74934.png",
            "score": 0,
            "winnerSchoolId": null
          },
          {
            "id": 75219,
            "name": "Klamath Union",
            "logo": "school_75219.png",
            "score": 0,
            "winnerSchoolId": null
          },
          {
            "id": 124823,
            "name": "St Mary's of Medford",
            "logo": "school_124823.png",
            "score": 0,
            "winnerSchoolId": null
          }
        ]
      },
      "matches": {
        "Singles": [
          {
            "sets": [
              {
                "2664872": 5,
                "2664873": 8,
                "number": 1,
                "tie": null
              }
            ],
            "id": 1332471,
            "flight": "1",
            "matchType": "Singles",
            "finish": null,
            "winnerTeamId": 2664873,
            "genderId": 1,
            "isNotVarsity": false,
            "matchTeams": [
              {
                "id": 2664872,
                "isWinner": false,
                "players": [
                  {
                    "id": 147197,
                    "firstName": "William ",
                    "lastName": "VanAuker-Yerrick",
                    "grade": "11",
                    "genderId": 1,
                    "schoolId": 75184,
                    "updatedAt": "2025-06-18T18:37:50.000Z",
                    "graduatedDate": null,
                    "school": {
                      "name": "North Valley",
                      "logo": "school_75184.png"
                    },
                    "matchTeamPlayer": {
                      "position": 1
                    }
                  }
                ]
              },
              {
                "id": 2664873,
                "isWinner": true,
                "players": [
                  {
                    "id": 166063,
                    "firstName": "Carsen",
                    "lastName": "Shepard",
                    "grade": "11",
                    "genderId": 1,
                    "schoolId": 124825,
                    "updatedAt": "2025-06-18T18:37:50.000Z",
                    "graduatedDate": null,
                    "school": {
                      "name": "Cascade Christian ",
                      "logo": "school_124825.png"
                    },
                    "matchTeamPlayer": {
                      "position": 1
                    }
                  }
                ]
              }
            ]
          },
          {
            "sets": [
              {
                "2664914": 8,
                "2664915": 1,
                "number": 1,
                "tie": null
              }
            ],
            "id": 1332492,
            "flight": "1",
            "matchType": "Singles",
            "finish": null,
            "winnerTeamId": 2664914,
            "genderId": 1,
            "isNotVarsity": false,
            "matchTeams": [
              {
                "id": 2664914,
                "isWinner": true,
                "players": [
                  {
                    "id": 147194,
                    "firstName": "Liam",
                    "lastName": "Roby ",
                    "grade": "11",
                    "genderId": 1,
                    "schoolId": 75184,
                    "updatedAt": "2025-06-18T18:37:50.000Z",
                    "graduatedDate": null,
                    "school": {
                      "name": "North Valley",
                      "logo": "school_75184.png"
                    },
                    "matchTeamPlayer": {
                      "position": 1
                    }
                  }
                ]
              },
              {
                "id": 2664915,
                "isWinner": false,
                "players": [
                  {
                    "id": 166065,
                    "firstName": "Connor",
                    "lastName": "Winters",
                    "grade": "10",
                    "genderId": 1,
                    "schoolId": 124825,
                    "updatedAt": "2025-06-18T18:37:50.000Z",
                    "graduatedDate": null,
                    "school": {
                      "name": "Cascade Christian ",
                      "logo": "school_124825.png"
                    },
                    "matchTeamPlayer": {
                      "position": 1
                    }
                  }
                ]
              }
            ]
          },
          {
            "sets": [
              {
                "2664916": 8,
                "2664917": 0,
                "number": 1,
                "tie": null
              }
            ],
            "id": 1332493,
            "flight": "1",
            "matchType": "Singles",
            "finish": null,
            "winnerTeamId": 2664916,
            "genderId": 1,
            "isNotVarsity": false,
            "matchTeams": [
              {
                "id": 2664916,
                "isWinner": true,
                "players": [
                  {
                    "id": 123827,
                    "firstName": "Nolan",
                    "lastName": "Norris",
                    "grade": "12",
                    "genderId": 1,
                    "schoolId": 75207,
                    "updatedAt": "2025-06-18T18:37:50.000Z",
                    "graduatedDate": null,
                    "school": {
                      "name": "Mazama",
                      "logo": "school_75207.png"
                    },
                    "matchTeamPlayer": {
                      "position": 1
                    }
                  }
                ]
              },
              {
                "id": 2664917,
                "isWinner": false,
                "players": [
                  {
                    "id": 164912,
                    "firstName": "Michael ",
                    "lastName": "Thorp",
                    "grade": "11",
                    "genderId": 1,
                    "schoolId": 74929,
                    "updatedAt": "2025-06-18T18:37:50.000Z",
                    "graduatedDate": null,
                    "school": {
                      "name": "Marshfield",
                      "logo": "school_74929.png"
                    },
                    "matchTeamPlayer": {
                      "position": 1
                    }
                  }
                ]
              }
            ]
          }
        ],
        "Doubles": [
          {
            "sets": [
              {
                "2664874": 0,
                "2664875": 8,
                "number": 1,
                "tie": null
              }
            ],
            "id": 1332472,
            "flight": "1",
            "matchType": "Doubles",
            "finish": null,
            "winnerTeamId": 2664875,
            "genderId": 1,
            "isNotVarsity": false,
            "matchTeams": [
              {
                "id": 2664874,
                "isWinner": false,
                "players": [
                  {
                    "id": 164911,
                    "firstName": "Austin ",
                    "lastName": "Taylor ",
                    "grade": "Graduated",
                    "genderId": 1,
                    "schoolId": 74929,
                    "updatedAt": "2025-06-18T18:37:50.000Z",
                    "graduatedDate": "2025-06-18T18:44:19.000Z",
                    "school": {
                      "name": "Marshfield",
                      "logo": "school_74929.png"
                    },
                    "matchTeamPlayer": {
                      "position": 1
                    }
                  },
                  {
                    "id": 169325,
                    "firstName": "Rowan",
                    "lastName": "Swenson",
                    "grade": "11",
                    "genderId": 1,
                    "schoolId": 74929,
                    "updatedAt": "2025-06-18T18:37:50.000Z",
                    "graduatedDate": null,
                    "school": {
                      "name": "Marshfield",
                      "logo": "school_74929.png"
                    },
                    "matchTeamPlayer": {
                      "position": 2
                    }
                  }
                ]
              },
              {
                "id": 2664875,
                "isWinner": true,
                "players": [
                  {
                    "id": 87058,
                    "firstName": "Asher",
                    "lastName": "Larson",
                    "grade": "12",
                    "genderId": 1,
                    "schoolId": 75205,
                    "updatedAt": "2025-06-18T18:37:50.000Z",
                    "graduatedDate": null,
                    "school": {
                      "name": "Henley",
                      "logo": "school_75205.png"
                    },
                    "matchTeamPlayer": {
                      "position": 2
                    }
                  },
                  {
                    "id": 145977,
                    "firstName": "Will",
                    "lastName": "Grayson",
                    "grade": "11",
                    "genderId": 1,
                    "schoolId": 75205,
                    "updatedAt": "2025-06-18T18:37:50.000Z",
                    "graduatedDate": null,
                    "school": {
                      "name": "Henley",
                      "logo": "school_75205.png"
                    },
                    "matchTeamPlayer": {
                      "position": 1
                    }
                  }
                ]
              }
            ]
          },
          {
            "sets": [
              {
                "2664898": 4,
                "2664899": 8,
                "number": 1,
                "tie": null
              }
            ],
            "id": 1332484,
            "flight": "1",
            "matchType": "Doubles",
            "finish": null,
            "winnerTeamId": 2664899,
            "genderId": 1,
            "isNotVarsity": false,
            "matchTeams": [
              {
                "id": 2664898,
                "isWinner": false,
                "players": [
                  {
                    "id": 165583,
                    "firstName": "Dallin",
                    "lastName": "Petersen",
                    "grade": "11",
                    "genderId": 1,
                    "schoolId": 75219,
                    "updatedAt": "2025-06-18T18:37:50.000Z",
                    "graduatedDate": null,
                    "school": {
                      "name": "Klamath Union",
                      "logo": "school_75219.png"
                    },
                    "matchTeamPlayer": {
                      "position": 1
                    }
                  },
                  {
                    "id": 165709,
                    "firstName": "Eli",
                    "lastName": "Hedrick",
                    "grade": "10",
                    "genderId": 1,
                    "schoolId": 75219,
                    "updatedAt": "2025-06-18T18:37:50.000Z",
                    "graduatedDate": null,
                    "school": {
                      "name": "Klamath Union",
                      "logo": "school_75219.png"
                    },
                    "matchTeamPlayer": {
                      "position": 2
                    }
                  }
                ]
              },
              {
                "id": 2664899,
                "isWinner": true,
                "players": [
                  {
                    "id": 161996,
                    "firstName": "Alessandro",
                    "lastName": "Bertoni",
                    "grade": "12",
                    "genderId": 1,
                    "schoolId": 75182,
                    "updatedAt": "2025-06-18T18:37:50.000Z",
                    "graduatedDate": null,
                    "school": {
                      "name": "Hidden Valley",
                      "logo": "school_75182.png"
                    },
                    "matchTeamPlayer": {
                      "position": 2
                    }
                  },
                  {
                    "id": 161998,
                    "firstName": "Brayden ",
                    "lastName": "Gayheart",
                    "grade": "Graduated",
                    "genderId": 1,
                    "schoolId": 75182,
                    "updatedAt": "2025-06-18T18:37:50.000Z",
                    "graduatedDate": "2025-06-18T18:44:19.000Z",
                    "school": {
                      "name": "Hidden Valley",
                      "logo": "school_75182.png"
                    },
                    "matchTeamPlayer": {
                      "position": 1
                    }
                  }
                ]
              }
            ]
          },
          {
            "sets": [
              {
                "2664906": 8,
                "2664907": 0,
                "number": 1,
                "tie": null
              }
            ],
            "id": 1332488,
            "flight": "1",
            "matchType": "Doubles",
            "finish": null,
            "winnerTeamId": 2664906,
            "genderId": 1,
            "isNotVarsity": false,
            "matchTeams": [
              {
                "id": 2664906,
                "isWinner": true,
                "players": [
                  {
                    "id": 144441,
                    "firstName": "Dawson",
                    "lastName": "Murphy",
                    "grade": "11",
                    "genderId": 1,
                    "schoolId": 124825,
                    "updatedAt": "2025-06-18T18:37:50.000Z",
                    "graduatedDate": null,
                    "school": {
                      "name": "Cascade Christian ",
                      "logo": "school_124825.png"
                    },
                    "matchTeamPlayer": {
                      "position": 2
                    }
                  },
                  {
                    "id": 144445,
                    "firstName": "Levi",
                    "lastName": "Ennis-Haro",
                    "grade": "11",
                    "genderId": 1,
                    "schoolId": 124825,
                    "updatedAt": "2025-06-18T18:37:50.000Z",
                    "graduatedDate": null,
                    "school": {
                      "name": "Cascade Christian ",
                      "logo": "school_124825.png"
                    },
                    "matchTeamPlayer": {
                      "position": 1
                    }
                  }
                ]
              },
              {
                "id": 2664907,
                "isWinner": false,
                "players": [
                  {
                    "id": 161999,
                    "firstName": "Reid",
                    "lastName": "Scherf",
                    "grade": "Graduated",
                    "genderId": 1,
                    "schoolId": 75182,
                    "updatedAt": "2025-06-18T18:37:50.000Z",
                    "graduatedDate": "2025-06-18T18:44:19.000Z",
                    "school": {
                      "name": "Hidden Valley",
                      "logo": "school_75182.png"
                    },
                    "matchTeamPlayer": {
                      "position": 2
                    }
                  },
                  {
                    "id": 166214,
                    "firstName": "Jaxon",
                    "lastName": "Vierra",
                    "grade": "Graduated",
                    "genderId": 1,
                    "schoolId": 75182,
                    "updatedAt": "2025-06-18T18:37:50.000Z",
                    "graduatedDate": "2025-06-18T18:44:19.000Z",
                    "school": {
                      "name": "Hidden Valley",
                      "logo": "school_75182.png"
                    },
                    "matchTeamPlayer": {
                      "position": 1
                    }
                  }
                ]
              }
            ]
          }
        ]
      },
      "event": {
        "id": 644,
        "bracketType": 32,
        "name": "SD 1,2,3/5A-1&3/6A-3&4-Boys",
        "logo": "event_644.jpeg"
      }
    },
    {
      "id": 198402,
      "title": "Event (SD 1,2,3/5A-1&3/6A-3&4-Boys). 4A/3A/2A/1A-SD3  ",
      "meetDateTime": "2025-05-13T00:48:05.000Z",
      "postSeason": true,
      "approveMeet": true,
      "eventId": 644,
      "winnerSchoolId": null,
      "coach": null,
      "schools": {
        "winners": [
          {
            "id": 124823,
            "name": "St Mary's of Medford",
            "logo": "school_124823.png",
            "score": 23,
            "winnerSchoolId": null
          }
        ],
        "losers": [
          {
            "id": 75219,
            "name": "Klamath Union",
            "logo": "school_75219.png",
            "score": 12,
            "winnerSchoolId": null
          },
          {
            "id": 75205,
            "name": "Henley",
            "logo": "school_75205.png",
            "score": 10,
            "winnerSchoolId": null
          },
          {
            "id": 74929,
            "name": "Marshfield",
            "logo": "school_74929.png",
            "score": 4,
            "winnerSchoolId": null
          },
          {
            "id": 75182,
            "name": "Hidden Valley",
            "logo": "school_75182.png",
            "score": 4,
            "winnerSchoolId": null
          },
          {
            "id": 74934,
            "name": "Creswell",
            "logo": "school_74934.png",
            "score": 3,
            "winnerSchoolId": null
          },
          {
            "id": 75184,
            "name": "North Valley",
            "logo": "school_75184.png",
            "score": 1,
            "winnerSchoolId": null
          },
          {
            "id": 75207,
            "name": "Mazama",
            "logo": "school_75207.png",
            "score": 1,
            "winnerSchoolId": null
          },
          {
            "id": 75366,
            "name": "North Bend",
            "logo": "school_75366.png",
            "score": 1,
            "winnerSchoolId": null
          },
          {
            "id": 124825,
            "name": "Cascade Christian ",
            "logo": "school_124825.png",
            "score": 1,
            "winnerSchoolId": null
          }
        ]
      },
      "matches": {
        "Singles": [
          {
            "sets": [
              {
                "2660717": 0,
                "2660718": 6,
                "number": 1,
                "tie": null
              },
              {
                "2660717": 1,
                "2660718": 6,
                "number": 2,
                "tie": null
              }
            ],
            "id": 1330392,
            "flight": "1",
            "matchType": "Singles",
            "finish": null,
            "winnerTeamId": 2660718,
            "genderId": 1,
            "isNotVarsity": false,
            "matchTeams": [
              {
                "id": 2660717,
                "isWinner": false,
                "players": [
                  {
                    "id": 123823,
                    "firstName": "Jorge",
                    "lastName": "Aguirre",
                    "grade": "Graduated",
                    "genderId": 1,
                    "schoolId": 75207,
                    "updatedAt": "2025-06-18T18:37:50.000Z",
                    "graduatedDate": "2025-06-18T18:44:19.000Z",
                    "school": {
                      "name": "Mazama",
                      "logo": "school_75207.png"
                    },
                    "matchTeamPlayer": {
                      "position": 1
                    }
                  }
                ]
              },
              {
                "id": 2660718,
                "isWinner": true,
                "players": [
                  {
                    "id": 122265,
                    "firstName": "Walter",
                    "lastName": "Hartley",
                    "grade": "Graduated",
                    "genderId": 1,
                    "schoolId": 75219,
                    "updatedAt": "2025-06-18T18:37:50.000Z",
                    "graduatedDate": "2025-06-18T18:44:19.000Z",
                    "school": {
                      "name": "Klamath Union",
                      "logo": "school_75219.png"
                    },
                    "matchTeamPlayer": {
                      "position": 1
                    }
                  }
                ]
              }
            ]
          },
          {
            "sets": [
              {
                "2660739": 0,
                "2660740": 6,
                "number": 1,
                "tie": null
              },
              {
                "2660739": 1,
                "2660740": 6,
                "number": 2,
                "tie": null
              },
              {
                "2660739": null,
                "2660740": null,
                "number": 3,
                "tie": null
              }
            ],
            "id": 1330403,
            "flight": "1",
            "matchType": "Singles",
            "finish": null,
            "winnerTeamId": 2660740,
            "genderId": 1,
            "isNotVarsity": false,
            "matchTeams": [
              {
                "id": 2660739,
                "isWinner": false,
                "players": [
                  {
                    "id": 147189,
                    "firstName": "Hunter ",
                    "lastName": "Goode",
                    "grade": "Graduated",
                    "genderId": 1,
                    "schoolId": 75184,
                    "updatedAt": "2025-06-18T18:37:50.000Z",
                    "graduatedDate": "2025-06-18T18:44:19.000Z",
                    "school": {
                      "name": "North Valley",
                      "logo": "school_75184.png"
                    },
                    "matchTeamPlayer": {
                      "position": 1
                    }
                  }
                ]
              },
              {
                "id": 2660740,
                "isWinner": true,
                "players": [
                  {
                    "id": 168258,
                    "firstName": "Hanz ",
                    "lastName": "Lewis",
                    "grade": "11",
                    "genderId": 1,
                    "schoolId": 74934,
                    "updatedAt": "2025-06-18T18:37:50.000Z",
                    "graduatedDate": null,
                    "school": {
                      "name": "Creswell",
                      "logo": "school_74934.png"
                    },
                    "matchTeamPlayer": {
                      "position": 1
                    }
                  }
                ]
              }
            ]
          },
          {
            "sets": [
              {
                "2660779": 1,
                "2660780": 6,
                "number": 1,
                "tie": null
              },
              {
                "2660779": 1,
                "2660780": 6,
                "number": 2,
                "tie": null
              }
            ],
            "id": 1330423,
            "flight": "1",
            "matchType": "Singles",
            "finish": null,
            "winnerTeamId": 2660780,
            "genderId": 1,
            "isNotVarsity": false,
            "matchTeams": [
              {
                "id": 2660779,
                "isWinner": false,
                "players": [
                  {
                    "id": 129513,
                    "firstName": "Irie",
                    "lastName": "Shephardson",
                    "grade": "Graduated",
                    "genderId": 1,
                    "schoolId": 75182,
                    "updatedAt": "2025-06-18T18:37:50.000Z",
                    "graduatedDate": "2025-06-18T18:44:19.000Z",
                    "school": {
                      "name": "Hidden Valley",
                      "logo": "school_75182.png"
                    },
                    "matchTeamPlayer": {
                      "position": 1
                    }
                  }
                ]
              },
              {
                "id": 2660780,
                "isWinner": true,
                "players": [
                  {
                    "id": 144553,
                    "firstName": "Mason",
                    "lastName": "Dawson",
                    "grade": "11",
                    "genderId": 1,
                    "schoolId": 75219,
                    "updatedAt": "2025-06-18T18:37:50.000Z",
                    "graduatedDate": null,
                    "school": {
                      "name": "Klamath Union",
                      "logo": "school_75219.png"
                    },
                    "matchTeamPlayer": {
                      "position": 1
                    }
                  }
                ]
              }
            ]
          }
        ],
        "Doubles": [
          {
            "sets": [
              {
                "2660825": 0,
                "2660826": 6,
                "number": 1,
                "tie": null
              },
              {
                "2660825": 0,
                "2660826": 6,
                "number": 2,
                "tie": null
              }
            ],
            "id": 1330446,
            "flight": "1",
            "matchType": "Doubles",
            "finish": null,
            "winnerTeamId": 2660826,
            "genderId": 1,
            "isNotVarsity": false,
            "matchTeams": [
              {
                "id": 2660825,
                "isWinner": false,
                "players": [
                  {
                    "id": 164911,
                    "firstName": "Austin ",
                    "lastName": "Taylor ",
                    "grade": "Graduated",
                    "genderId": 1,
                    "schoolId": 74929,
                    "updatedAt": "2025-06-18T18:37:50.000Z",
                    "graduatedDate": "2025-06-18T18:44:19.000Z",
                    "school": {
                      "name": "Marshfield",
                      "logo": "school_74929.png"
                    },
                    "matchTeamPlayer": {
                      "position": 1
                    }
                  },
                  {
                    "id": 169325,
                    "firstName": "Rowan",
                    "lastName": "Swenson",
                    "grade": "11",
                    "genderId": 1,
                    "schoolId": 74929,
                    "updatedAt": "2025-06-18T18:37:50.000Z",
                    "graduatedDate": null,
                    "school": {
                      "name": "Marshfield",
                      "logo": "school_74929.png"
                    },
                    "matchTeamPlayer": {
                      "position": 2
                    }
                  }
                ]
              },
              {
                "id": 2660826,
                "isWinner": true,
                "players": [
                  {
                    "id": 124064,
                    "firstName": "Jonah",
                    "lastName": "Johnson",
                    "grade": "12",
                    "genderId": 1,
                    "schoolId": 124825,
                    "updatedAt": "2025-06-18T18:37:50.000Z",
                    "graduatedDate": null,
                    "school": {
                      "name": "Cascade Christian ",
                      "logo": "school_124825.png"
                    },
                    "matchTeamPlayer": {
                      "position": 1
                    }
                  },
                  {
                    "id": 144439,
                    "firstName": "David",
                    "lastName": "Chamberlain",
                    "grade": "12",
                    "genderId": 1,
                    "schoolId": 124825,
                    "updatedAt": "2025-06-18T18:37:50.000Z",
                    "graduatedDate": null,
                    "school": {
                      "name": "Cascade Christian ",
                      "logo": "school_124825.png"
                    },
                    "matchTeamPlayer": {
                      "position": 2
                    }
                  }
                ]
              }
            ]
          },
          {
            "sets": [
              {
                "2660861": 6,
                "2660862": 4,
                "number": 1,
                "tie": null
              },
              {
                "2660861": 6,
                "2660862": 4,
                "number": 2,
                "tie": null
              },
              {
                "2660861": null,
                "2660862": null,
                "number": 3,
                "tie": null
              }
            ],
            "id": 1330464,
            "flight": "1",
            "matchType": "Doubles",
            "finish": null,
            "winnerTeamId": 2660861,
            "genderId": 1,
            "isNotVarsity": false,
            "matchTeams": [
              {
                "id": 2660861,
                "isWinner": true,
                "players": [
                  {
                    "id": 121797,
                    "firstName": "Dylan",
                    "lastName": "Orr",
                    "grade": "12",
                    "genderId": 1,
                    "schoolId": 75205,
                    "updatedAt": "2025-06-18T18:37:50.000Z",
                    "graduatedDate": null,
                    "school": {
                      "name": "Henley",
                      "logo": "school_75205.png"
                    },
                    "matchTeamPlayer": {
                      "position": 2
                    }
                  },
                  {
                    "id": 145980,
                    "firstName": "Riley",
                    "lastName": "Rodgers",
                    "grade": "11",
                    "genderId": 1,
                    "schoolId": 75205,
                    "updatedAt": "2025-06-18T18:37:50.000Z",
                    "graduatedDate": null,
                    "school": {
                      "name": "Henley",
                      "logo": "school_75205.png"
                    },
                    "matchTeamPlayer": {
                      "position": 1
                    }
                  }
                ]
              },
              {
                "id": 2660862,
                "isWinner": false,
                "players": [
                  {
                    "id": 141515,
                    "firstName": "Colt",
                    "lastName": "Johnson",
                    "grade": "11",
                    "genderId": 1,
                    "schoolId": 74929,
                    "updatedAt": "2025-06-18T18:37:50.000Z",
                    "graduatedDate": null,
                    "school": {
                      "name": "Marshfield",
                      "logo": "school_74929.png"
                    },
                    "matchTeamPlayer": {
                      "position": 2
                    }
                  },
                  {
                    "id": 164916,
                    "firstName": "Zechariah ",
                    "lastName": "Lake ",
                    "grade": "10",
                    "genderId": 1,
                    "schoolId": 74929,
                    "updatedAt": "2025-06-18T18:37:50.000Z",
                    "graduatedDate": null,
                    "school": {
                      "name": "Marshfield",
                      "logo": "school_74929.png"
                    },
                    "matchTeamPlayer": {
                      "position": 1
                    }
                  }
                ]
              }
            ]
          },
          {
            "sets": [
              {
                "2661047": 6,
                "2661048": 3,
                "number": 1,
                "tie": null
              },
              {
                "2661047": 6,
                "2661048": 2,
                "number": 2,
                "tie": null
              }
            ],
            "id": 1330557,
            "flight": "1",
            "matchType": "Doubles",
            "finish": null,
            "winnerTeamId": 2661047,
            "genderId": 1,
            "isNotVarsity": false,
            "matchTeams": [
              {
                "id": 2661047,
                "isWinner": true,
                "players": [
                  {
                    "id": 161997,
                    "firstName": "Jan",
                    "lastName": "Goelz",
                    "grade": "12",
                    "genderId": 1,
                    "schoolId": 75182,
                    "updatedAt": "2025-06-18T18:37:50.000Z",
                    "graduatedDate": null,
                    "school": {
                      "name": "Hidden Valley",
                      "logo": "school_75182.png"
                    },
                    "matchTeamPlayer": {
                      "position": 1
                    }
                  },
                  {
                    "id": 162375,
                    "firstName": "Josiah",
                    "lastName": "Pelson",
                    "grade": "11",
                    "genderId": 1,
                    "schoolId": 75182,
                    "updatedAt": "2025-06-18T18:37:50.000Z",
                    "graduatedDate": null,
                    "school": {
                      "name": "Hidden Valley",
                      "logo": "school_75182.png"
                    },
                    "matchTeamPlayer": {
                      "position": 2
                    }
                  }
                ]
              },
              {
                "id": 2661048,
                "isWinner": false,
                "players": [
                  {
                    "id": 167125,
                    "firstName": "Lenard",
                    "lastName": "Pedack",
                    "grade": "Graduated",
                    "genderId": 1,
                    "schoolId": 75184,
                    "updatedAt": "2025-06-18T18:37:50.000Z",
                    "graduatedDate": "2025-06-18T18:44:19.000Z",
                    "school": {
                      "name": "North Valley",
                      "logo": "school_75184.png"
                    },
                    "matchTeamPlayer": {
                      "position": 1
                    }
                  },
                  {
                    "id": 167316,
                    "firstName": "Dawson",
                    "lastName": "Underwood",
                    "grade": "Graduated",
                    "genderId": 1,
                    "schoolId": 75184,
                    "updatedAt": "2025-06-18T18:37:50.000Z",
                    "graduatedDate": "2025-06-18T18:44:19.000Z",
                    "school": {
                      "name": "North Valley",
                      "logo": "school_75184.png"
                    },
                    "matchTeamPlayer": {
                      "position": 2
                    }
                  }
                ]
              }
            ]
          }
        ]
      },
      "event": {
        "id": 644,
        "bracketType": 32,
        "name": "SD 1,2,3/5A-1&3/6A-3&4-Boys",
        "logo": "event_644.jpeg"
      }
    },
    {
      "id": 197917,
      "title": "North Valley VS Creswell",
      "meetDateTime": "2025-05-08T07:00:00.000Z",
      "postSeason": false,
      "approveMeet": true,
      "eventId": null,
      "winnerSchoolId": null,
      "coach": {
        "schoolId": 75184,
        "firstName": "Max",
        "lastName": "Janasik",
        "genderId": 1,
        "email": "maxjanasik@gmail.com",
        "phone": "(503) 805-8679",
        "school": {
          "name": "North Valley",
          "logo": "school_75184.png"
        }
      },
      "schools": {
        "winners": [
          {
            "id": 75184,
            "name": "North Valley",
            "logo": "school_75184.png",
            "score": 1,
            "winnerSchoolId": null
          }
        ],
        "losers": [
          {
            "id": 74934,
            "name": "Creswell",
            "logo": "school_74934.png",
            "score": 0,
            "winnerSchoolId": null
          }
        ]
      },
      "matches": {
        "Singles": [
          {
            "sets": [
              {
                "2646129": 8,
                "2646130": 6,
                "number": 1,
                "tie": null
              }
            ],
            "id": 1323098,
            "flight": "1",
            "matchType": "Singles",
            "finish": null,
            "winnerTeamId": 2646129,
            "genderId": 1,
            "isNotVarsity": false,
            "matchTeams": [
              {
                "id": 2646129,
                "isWinner": true,
                "players": [
                  {
                    "id": 147197,
                    "firstName": "William ",
                    "lastName": "VanAuker-Yerrick",
                    "grade": "11",
                    "genderId": 1,
                    "schoolId": 75184,
                    "updatedAt": "2025-06-18T18:37:50.000Z",
                    "graduatedDate": null,
                    "school": {
                      "name": "North Valley",
                      "logo": "school_75184.png"
                    },
                    "matchTeamPlayer": {
                      "position": 1
                    }
                  }
                ]
              },
              {
                "id": 2646130,
                "isWinner": false,
                "players": [
                  {
                    "id": 168260,
                    "firstName": "Sergei",
                    "lastName": "Gabrio",
                    "grade": "11",
                    "genderId": 1,
                    "schoolId": 74934,
                    "updatedAt": "2025-06-18T18:37:50.000Z",
                    "graduatedDate": null,
                    "school": {
                      "name": "Creswell",
                      "logo": "school_74934.png"
                    },
                    "matchTeamPlayer": {
                      "position": 1
                    }
                  }
                ]
              }
            ]
          }
        ]
      },
      "event": null
    },
    {
      "id": 195803,
      "title": "Creswell vs. North Bend",
      "meetDateTime": "2025-04-30T08:00:00.000Z",
      "postSeason": false,
      "approveMeet": true,
      "eventId": null,
      "winnerSchoolId": null,
      "coach": {
        "schoolId": 74929,
        "firstName": "Anthony",
        "lastName": "Johnson",
        "genderId": 1,
        "email": "Anthonyj@coos-bay.k12.or.us",
        "phone": "(541) 290-0402",
        "school": {
          "name": "Marshfield",
          "logo": "school_74929.png"
        }
      },
      "schools": {
        "winners": [
          {
            "id": 74929,
            "name": "Marshfield",
            "logo": "school_74929.png",
            "score": 3,
            "winnerSchoolId": null
          }
        ],
        "losers": [
          {
            "id": 74934,
            "name": "Creswell",
            "logo": "school_74934.png",
            "score": 2,
            "winnerSchoolId": null
          }
        ]
      },
      "matches": {
        "Singles": [
          {
            "sets": [
              {
                "2612063": 4,
                "2612064": 6,
                "number": 1,
                "tie": null
              },
              {
                "2612063": 6,
                "2612064": 4,
                "number": 2,
                "tie": null
              },
              {
                "2612063": 1,
                "2612064": 0,
                "number": 3,
                "tie": 7
              }
            ],
            "id": 1306065,
            "flight": "1",
            "matchType": "Singles",
            "finish": null,
            "winnerTeamId": 2612063,
            "genderId": 1,
            "isNotVarsity": false,
            "matchTeams": [
              {
                "id": 2612063,
                "isWinner": true,
                "players": [
                  {
                    "id": 121066,
                    "firstName": "Devon",
                    "lastName": "Pederson",
                    "grade": "12",
                    "genderId": 1,
                    "schoolId": 74929,
                    "updatedAt": "2025-06-18T18:37:50.000Z",
                    "graduatedDate": null,
                    "school": {
                      "name": "Marshfield",
                      "logo": "school_74929.png"
                    },
                    "matchTeamPlayer": {
                      "position": 1
                    }
                  }
                ]
              },
              {
                "id": 2612064,
                "isWinner": false,
                "players": [
                  {
                    "id": 168258,
                    "firstName": "Hanz ",
                    "lastName": "Lewis",
                    "grade": "11",
                    "genderId": 1,
                    "schoolId": 74934,
                    "updatedAt": "2025-06-18T18:37:50.000Z",
                    "graduatedDate": null,
                    "school": {
                      "name": "Creswell",
                      "logo": "school_74934.png"
                    },
                    "matchTeamPlayer": {
                      "position": 1
                    }
                  }
                ]
              }
            ]
          },
          {
            "sets": [
              {
                "2612069": 2,
                "2612070": 6,
                "number": 1,
                "tie": null
              },
              {
                "2612069": 1,
                "2612070": 6,
                "number": 2,
                "tie": null
              }
            ],
            "id": 1306068,
            "flight": "2",
            "matchType": "Singles",
            "finish": null,
            "winnerTeamId": 2612070,
            "genderId": 1,
            "isNotVarsity": false,
            "matchTeams": [
              {
                "id": 2612069,
                "isWinner": false,
                "players": [
                  {
                    "id": 121067,
                    "firstName": "Blake ",
                    "lastName": "Powell",
                    "grade": "12",
                    "genderId": 1,
                    "schoolId": 74929,
                    "updatedAt": "2025-06-18T18:37:50.000Z",
                    "graduatedDate": null,
                    "school": {
                      "name": "Marshfield",
                      "logo": "school_74929.png"
                    },
                    "matchTeamPlayer": {
                      "position": 1
                    }
                  }
                ]
              },
              {
                "id": 2612070,
                "isWinner": true,
                "players": [
                  {
                    "id": 108646,
                    "firstName": "Joseph",
                    "lastName": "Lewis",
                    "grade": "Graduated",
                    "genderId": 1,
                    "schoolId": 74934,
                    "updatedAt": "2025-06-18T18:37:50.000Z",
                    "graduatedDate": "2025-06-18T18:44:19.000Z",
                    "school": {
                      "name": "Creswell",
                      "logo": "school_74934.png"
                    },
                    "matchTeamPlayer": {
                      "position": 1
                    }
                  }
                ]
              }
            ]
          },
          {
            "sets": [
              {
                "2612075": 3,
                "2612076": 6,
                "number": 1,
                "tie": null
              },
              {
                "2612075": 2,
                "2612076": 6,
                "number": 2,
                "tie": null
              }
            ],
            "id": 1306071,
            "flight": "3",
            "matchType": "Singles",
            "finish": null,
            "winnerTeamId": 2612076,
            "genderId": 1,
            "isNotVarsity": false,
            "matchTeams": [
              {
                "id": 2612075,
                "isWinner": false,
                "players": [
                  {
                    "id": 121067,
                    "firstName": "Blake ",
                    "lastName": "Powell",
                    "grade": "12",
                    "genderId": 1,
                    "schoolId": 74929,
                    "updatedAt": "2025-06-18T18:37:50.000Z",
                    "graduatedDate": null,
                    "school": {
                      "name": "Marshfield",
                      "logo": "school_74929.png"
                    },
                    "matchTeamPlayer": {
                      "position": 1
                    }
                  }
                ]
              },
              {
                "id": 2612076,
                "isWinner": true,
                "players": [
                  {
                    "id": 168258,
                    "firstName": "Hanz ",
                    "lastName": "Lewis",
                    "grade": "11",
                    "genderId": 1,
                    "schoolId": 74934,
                    "updatedAt": "2025-06-18T18:37:50.000Z",
                    "graduatedDate": null,
                    "school": {
                      "name": "Creswell",
                      "logo": "school_74934.png"
                    },
                    "matchTeamPlayer": {
                      "position": 1
                    }
                  }
                ]
              }
            ]
          }
        ]
      },
      "event": null
    },
    {
      "id": 195545,
      "title": "NB vs Creswell HS",
      "meetDateTime": "2025-04-30T07:00:00.000Z",
      "postSeason": false,
      "approveMeet": true,
      "eventId": null,
      "winnerSchoolId": null,
      "coach": {
        "schoolId": 75366,
        "firstName": "Corey",
        "lastName": "Goll",
        "genderId": 1,
        "email": "cgoll@nbend.k12.or.us",
        "phone": "(541) 602-1354",
        "school": {
          "name": "North Bend",
          "logo": "school_75366.png"
        }
      },
      "schools": {
        "winners": [
          {
            "id": 74934,
            "name": "Creswell",
            "logo": "school_74934.png",
            "score": 3,
            "winnerSchoolId": null
          }
        ],
        "losers": [
          {
            "id": 75366,
            "name": "North Bend",
            "logo": "school_75366.png",
            "score": 0,
            "winnerSchoolId": null
          }
        ]
      },
      "matches": {
        "Singles": [
          {
            "sets": [
              {
                "2607819": 6,
                "2607820": 7,
                "number": 1,
                "tie": 4
              },
              {
                "2607819": 1,
                "2607820": 6,
                "number": 2,
                "tie": null
              }
            ],
            "id": 1303943,
            "flight": "1",
            "matchType": "Singles",
            "finish": null,
            "winnerTeamId": 2607820,
            "genderId": 1,
            "isNotVarsity": false,
            "matchTeams": [
              {
                "id": 2607819,
                "isWinner": false,
                "players": [
                  {
                    "id": 126161,
                    "firstName": "Isaac",
                    "lastName": "Adams",
                    "grade": "Graduated",
                    "genderId": 1,
                    "schoolId": 75366,
                    "updatedAt": "2025-06-18T18:37:50.000Z",
                    "graduatedDate": "2025-06-18T18:44:19.000Z",
                    "school": {
                      "name": "North Bend",
                      "logo": "school_75366.png"
                    },
                    "matchTeamPlayer": {
                      "position": 1
                    }
                  }
                ]
              },
              {
                "id": 2607820,
                "isWinner": true,
                "players": [
                  {
                    "id": 108646,
                    "firstName": "Joseph",
                    "lastName": "Lewis",
                    "grade": "Graduated",
                    "genderId": 1,
                    "schoolId": 74934,
                    "updatedAt": "2025-06-18T18:37:50.000Z",
                    "graduatedDate": "2025-06-18T18:44:19.000Z",
                    "school": {
                      "name": "Creswell",
                      "logo": "school_74934.png"
                    },
                    "matchTeamPlayer": {
                      "position": 1
                    }
                  }
                ]
              }
            ]
          },
          {
            "sets": [
              {
                "2607821": 4,
                "2607822": 6,
                "number": 1,
                "tie": null
              },
              {
                "2607821": 3,
                "2607822": 6,
                "number": 2,
                "tie": null
              }
            ],
            "id": 1303944,
            "flight": "2",
            "matchType": "Singles",
            "finish": null,
            "winnerTeamId": 2607822,
            "genderId": 1,
            "isNotVarsity": false,
            "matchTeams": [
              {
                "id": 2607821,
                "isWinner": false,
                "players": [
                  {
                    "id": 165523,
                    "firstName": "Myles",
                    "lastName": "Picatti",
                    "grade": "12",
                    "genderId": 1,
                    "schoolId": 75366,
                    "updatedAt": "2025-06-18T18:37:50.000Z",
                    "graduatedDate": null,
                    "school": {
                      "name": "North Bend",
                      "logo": "school_75366.png"
                    },
                    "matchTeamPlayer": {
                      "position": 1
                    }
                  }
                ]
              },
              {
                "id": 2607822,
                "isWinner": true,
                "players": [
                  {
                    "id": 168258,
                    "firstName": "Hanz ",
                    "lastName": "Lewis",
                    "grade": "11",
                    "genderId": 1,
                    "schoolId": 74934,
                    "updatedAt": "2025-06-18T18:37:50.000Z",
                    "graduatedDate": null,
                    "school": {
                      "name": "Creswell",
                      "logo": "school_74934.png"
                    },
                    "matchTeamPlayer": {
                      "position": 1
                    }
                  }
                ]
              }
            ]
          },
          {
            "sets": [
              {
                "2607823": 4,
                "2607824": 6,
                "number": 1,
                "tie": null
              },
              {
                "2607823": 6,
                "2607824": 7,
                "number": 2,
                "tie": 1
              }
            ],
            "id": 1303945,
            "flight": "3",
            "matchType": "Singles",
            "finish": null,
            "winnerTeamId": 2607824,
            "genderId": 1,
            "isNotVarsity": false,
            "matchTeams": [
              {
                "id": 2607823,
                "isWinner": false,
                "players": [
                  {
                    "id": 165521,
                    "firstName": "Austin",
                    "lastName": "Bailey",
                    "grade": "12",
                    "genderId": 1,
                    "schoolId": 75366,
                    "updatedAt": "2025-06-18T18:37:50.000Z",
                    "graduatedDate": null,
                    "school": {
                      "name": "North Bend",
                      "logo": "school_75366.png"
                    },
                    "matchTeamPlayer": {
                      "position": 1
                    }
                  }
                ]
              },
              {
                "id": 2607824,
                "isWinner": true,
                "players": [
                  {
                    "id": 168260,
                    "firstName": "Sergei",
                    "lastName": "Gabrio",
                    "grade": "11",
                    "genderId": 1,
                    "schoolId": 74934,
                    "updatedAt": "2025-06-18T18:37:50.000Z",
                    "graduatedDate": null,
                    "school": {
                      "name": "Creswell",
                      "logo": "school_74934.png"
                    },
                    "matchTeamPlayer": {
                      "position": 1
                    }
                  }
                ]
              }
            ]
          }
        ]
      },
      "event": null
    },
    {
      "id": 195841,
      "title": "Thurston ",
      "meetDateTime": "2025-04-28T07:00:00.000Z",
      "postSeason": false,
      "approveMeet": true,
      "eventId": null,
      "winnerSchoolId": null,
      "coach": {
        "schoolId": 74934,
        "firstName": "Amanda",
        "lastName": "Lewis ",
        "genderId": 1,
        "email": "alewis@creswell.k12.or.us",
        "phone": "(541) 895-6025",
        "school": {
          "name": "Creswell",
          "logo": "school_74934.png"
        }
      },
      "schools": {
        "winners": [
          {
            "id": 74934,
            "name": "Creswell",
            "logo": "school_74934.png",
            "score": 3,
            "winnerSchoolId": null
          }
        ],
        "losers": [
          {
            "id": 75808,
            "name": "Thurston",
            "logo": "school_75808.png",
            "score": 0,
            "winnerSchoolId": null
          }
        ]
      },
      "matches": {
        "Singles": [
          {
            "sets": [
              {
                "2613067": 8,
                "2613068": 0,
                "number": 1,
                "tie": null
              }
            ],
            "id": 1306567,
            "flight": "1",
            "matchType": "Singles",
            "finish": null,
            "winnerTeamId": 2613067,
            "genderId": 1,
            "isNotVarsity": false,
            "matchTeams": [
              {
                "id": 2613067,
                "isWinner": true,
                "players": [
                  {
                    "id": 108646,
                    "firstName": "Joseph",
                    "lastName": "Lewis",
                    "grade": "Graduated",
                    "genderId": 1,
                    "schoolId": 74934,
                    "updatedAt": "2025-06-18T18:37:50.000Z",
                    "graduatedDate": "2025-06-18T18:44:19.000Z",
                    "school": {
                      "name": "Creswell",
                      "logo": "school_74934.png"
                    },
                    "matchTeamPlayer": {
                      "position": 1
                    }
                  }
                ]
              },
              {
                "id": 2613068,
                "isWinner": false,
                "players": [
                  {
                    "id": 161980,
                    "firstName": "Colby ",
                    "lastName": "Marchant",
                    "grade": "10",
                    "genderId": 1,
                    "schoolId": 75808,
                    "updatedAt": "2025-06-18T18:37:50.000Z",
                    "graduatedDate": null,
                    "school": {
                      "name": "Thurston",
                      "logo": "school_75808.png"
                    },
                    "matchTeamPlayer": {
                      "position": 1
                    }
                  }
                ]
              }
            ]
          },
          {
            "sets": [
              {
                "2613069": 8,
                "2613070": 2,
                "number": 1,
                "tie": null
              }
            ],
            "id": 1306568,
            "flight": "2",
            "matchType": "Singles",
            "finish": null,
            "winnerTeamId": 2613069,
            "genderId": 1,
            "isNotVarsity": false,
            "matchTeams": [
              {
                "id": 2613069,
                "isWinner": true,
                "players": [
                  {
                    "id": 168258,
                    "firstName": "Hanz ",
                    "lastName": "Lewis",
                    "grade": "11",
                    "genderId": 1,
                    "schoolId": 74934,
                    "updatedAt": "2025-06-18T18:37:50.000Z",
                    "graduatedDate": null,
                    "school": {
                      "name": "Creswell",
                      "logo": "school_74934.png"
                    },
                    "matchTeamPlayer": {
                      "position": 1
                    }
                  }
                ]
              },
              {
                "id": 2613070,
                "isWinner": false,
                "players": [
                  {
                    "id": 161986,
                    "firstName": "Smith",
                    "lastName": "Jacob",
                    "grade": "10",
                    "genderId": 1,
                    "schoolId": 75808,
                    "updatedAt": "2025-06-18T18:37:50.000Z",
                    "graduatedDate": null,
                    "school": {
                      "name": "Thurston",
                      "logo": "school_75808.png"
                    },
                    "matchTeamPlayer": {
                      "position": 1
                    }
                  }
                ]
              }
            ]
          },
          {
            "sets": [
              {
                "2613071": 9,
                "2613072": 7,
                "number": 1,
                "tie": null
              }
            ],
            "id": 1306569,
            "flight": "3",
            "matchType": "Singles",
            "finish": null,
            "winnerTeamId": 2613071,
            "genderId": 1,
            "isNotVarsity": false,
            "matchTeams": [
              {
                "id": 2613071,
                "isWinner": true,
                "players": [
                  {
                    "id": 168260,
                    "firstName": "Sergei",
                    "lastName": "Gabrio",
                    "grade": "11",
                    "genderId": 1,
                    "schoolId": 74934,
                    "updatedAt": "2025-06-18T18:37:50.000Z",
                    "graduatedDate": null,
                    "school": {
                      "name": "Creswell",
                      "logo": "school_74934.png"
                    },
                    "matchTeamPlayer": {
                      "position": 1
                    }
                  }
                ]
              },
              {
                "id": 2613072,
                "isWinner": false,
                "players": [
                  {
                    "id": 161982,
                    "firstName": "Lileh ",
                    "lastName": "Mayfair",
                    "grade": "10",
                    "genderId": 1,
                    "schoolId": 75808,
                    "updatedAt": "2025-06-18T18:37:50.000Z",
                    "graduatedDate": null,
                    "school": {
                      "name": "Thurston",
                      "logo": "school_75808.png"
                    },
                    "matchTeamPlayer": {
                      "position": 1
                    }
                  }
                ]
              }
            ]
          }
        ]
      },
      "event": null
    },
    {
      "id": 193150,
      "title": "North Valley vs. Creswell @ Creswell",
      "meetDateTime": "2025-04-24T07:00:00.000Z",
      "postSeason": false,
      "approveMeet": true,
      "eventId": null,
      "winnerSchoolId": null,
      "coach": {
        "schoolId": 74934,
        "firstName": "Amanda",
        "lastName": "Lewis ",
        "genderId": 1,
        "email": "alewis@creswell.k12.or.us",
        "phone": "(541) 895-6025",
        "school": {
          "name": "Creswell",
          "logo": "school_74934.png"
        }
      },
      "schools": {
        "winners": [
          {
            "id": 75184,
            "name": "North Valley",
            "logo": "school_75184.png",
            "score": 2,
            "winnerSchoolId": null
          }
        ],
        "losers": [
          {
            "id": 74934,
            "name": "Creswell",
            "logo": "school_74934.png",
            "score": 1,
            "winnerSchoolId": null
          }
        ]
      },
      "matches": {
        "Singles": [
          {
            "sets": [
              {
                "2638225": 4,
                "2638226": 8,
                "number": 1,
                "tie": null
              }
            ],
            "id": 1319146,
            "flight": "1",
            "matchType": "Singles",
            "finish": null,
            "winnerTeamId": 2638226,
            "genderId": 1,
            "isNotVarsity": false,
            "matchTeams": [
              {
                "id": 2638225,
                "isWinner": false,
                "players": [
                  {
                    "id": 108646,
                    "firstName": "Joseph",
                    "lastName": "Lewis",
                    "grade": "Graduated",
                    "genderId": 1,
                    "schoolId": 74934,
                    "updatedAt": "2025-06-18T18:37:50.000Z",
                    "graduatedDate": "2025-06-18T18:44:19.000Z",
                    "school": {
                      "name": "Creswell",
                      "logo": "school_74934.png"
                    },
                    "matchTeamPlayer": {
                      "position": 1
                    }
                  }
                ]
              },
              {
                "id": 2638226,
                "isWinner": true,
                "players": [
                  {
                    "id": 147191,
                    "firstName": "Charles",
                    "lastName": "Janasik",
                    "grade": "Graduated",
                    "genderId": 1,
                    "schoolId": 75184,
                    "updatedAt": "2025-06-18T18:37:50.000Z",
                    "graduatedDate": "2025-06-18T18:44:19.000Z",
                    "school": {
                      "name": "North Valley",
                      "logo": "school_75184.png"
                    },
                    "matchTeamPlayer": {
                      "position": 1
                    }
                  }
                ]
              }
            ]
          },
          {
            "sets": [
              {
                "2638227": 8,
                "2638228": 1,
                "number": 1,
                "tie": null
              }
            ],
            "id": 1319147,
            "flight": "2",
            "matchType": "Singles",
            "finish": null,
            "winnerTeamId": 2638227,
            "genderId": 1,
            "isNotVarsity": false,
            "matchTeams": [
              {
                "id": 2638227,
                "isWinner": true,
                "players": [
                  {
                    "id": 168258,
                    "firstName": "Hanz ",
                    "lastName": "Lewis",
                    "grade": "11",
                    "genderId": 1,
                    "schoolId": 74934,
                    "updatedAt": "2025-06-18T18:37:50.000Z",
                    "graduatedDate": null,
                    "school": {
                      "name": "Creswell",
                      "logo": "school_74934.png"
                    },
                    "matchTeamPlayer": {
                      "position": 1
                    }
                  }
                ]
              },
              {
                "id": 2638228,
                "isWinner": false,
                "players": [
                  {
                    "id": 167122,
                    "firstName": "Hugo",
                    "lastName": "Hidalgo Del Rio",
                    "grade": "Graduated",
                    "genderId": 1,
                    "schoolId": 75184,
                    "updatedAt": "2025-06-18T18:37:50.000Z",
                    "graduatedDate": "2025-06-18T18:44:19.000Z",
                    "school": {
                      "name": "North Valley",
                      "logo": "school_75184.png"
                    },
                    "matchTeamPlayer": {
                      "position": 1
                    }
                  }
                ]
              }
            ]
          },
          {
            "sets": [
              {
                "2638229": 3,
                "2638230": 8,
                "number": 1,
                "tie": null
              }
            ],
            "id": 1319148,
            "flight": "3",
            "matchType": "Singles",
            "finish": null,
            "winnerTeamId": 2638230,
            "genderId": 1,
            "isNotVarsity": false,
            "matchTeams": [
              {
                "id": 2638229,
                "isWinner": false,
                "players": [
                  {
                    "id": 168260,
                    "firstName": "Sergei",
                    "lastName": "Gabrio",
                    "grade": "11",
                    "genderId": 1,
                    "schoolId": 74934,
                    "updatedAt": "2025-06-18T18:37:50.000Z",
                    "graduatedDate": null,
                    "school": {
                      "name": "Creswell",
                      "logo": "school_74934.png"
                    },
                    "matchTeamPlayer": {
                      "position": 1
                    }
                  }
                ]
              },
              {
                "id": 2638230,
                "isWinner": true,
                "players": [
                  {
                    "id": 147197,
                    "firstName": "William ",
                    "lastName": "VanAuker-Yerrick",
                    "grade": "11",
                    "genderId": 1,
                    "schoolId": 75184,
                    "updatedAt": "2025-06-18T18:37:50.000Z",
                    "graduatedDate": null,
                    "school": {
                      "name": "North Valley",
                      "logo": "school_75184.png"
                    },
                    "matchTeamPlayer": {
                      "position": 1
                    }
                  }
                ]
              }
            ]
          }
        ]
      },
      "event": null
    },
    {
      "id": 193005,
      "title": "Creswell @ Cascade Christian",
      "meetDateTime": "2025-04-15T23:30:00.000Z",
      "postSeason": false,
      "approveMeet": true,
      "eventId": null,
      "winnerSchoolId": null,
      "coach": {
        "schoolId": 124825,
        "firstName": "Kallen",
        "lastName": "Rechberg",
        "genderId": 1,
        "email": "coachkal.tennis@gmail.com",
        "phone": "(541) 499-1761",
        "school": {
          "name": "Cascade Christian ",
          "logo": "school_124825.png"
        }
      },
      "schools": {
        "winners": [
          {
            "id": 124825,
            "name": "Cascade Christian ",
            "logo": "school_124825.png",
            "score": 3,
            "winnerSchoolId": null
          }
        ],
        "losers": [
          {
            "id": 74934,
            "name": "Creswell",
            "logo": "school_74934.png",
            "score": 2,
            "winnerSchoolId": null
          }
        ]
      },
      "matches": {
        "Singles": [
          {
            "sets": [
              {
                "2564023": 1,
                "2564024": 8,
                "number": 1,
                "tie": null
              }
            ],
            "id": 1282045,
            "flight": "1",
            "matchType": "Singles",
            "finish": null,
            "winnerTeamId": 2564024,
            "genderId": 1,
            "isNotVarsity": false,
            "matchTeams": [
              {
                "id": 2564023,
                "isWinner": false,
                "players": [
                  {
                    "id": 124064,
                    "firstName": "Jonah",
                    "lastName": "Johnson",
                    "grade": "12",
                    "genderId": 1,
                    "schoolId": 124825,
                    "updatedAt": "2025-06-18T18:37:50.000Z",
                    "graduatedDate": null,
                    "school": {
                      "name": "Cascade Christian ",
                      "logo": "school_124825.png"
                    },
                    "matchTeamPlayer": {
                      "position": 1
                    }
                  }
                ]
              },
              {
                "id": 2564024,
                "isWinner": true,
                "players": [
                  {
                    "id": 108646,
                    "firstName": "Joseph",
                    "lastName": "Lewis",
                    "grade": "Graduated",
                    "genderId": 1,
                    "schoolId": 74934,
                    "updatedAt": "2025-06-18T18:37:50.000Z",
                    "graduatedDate": "2025-06-18T18:44:19.000Z",
                    "school": {
                      "name": "Creswell",
                      "logo": "school_74934.png"
                    },
                    "matchTeamPlayer": {
                      "position": 1
                    }
                  }
                ]
              }
            ]
          },
          {
            "sets": [
              {
                "2564027": 8,
                "2564028": 5,
                "number": 1,
                "tie": null
              }
            ],
            "id": 1282047,
            "flight": "2",
            "matchType": "Singles",
            "finish": null,
            "winnerTeamId": 2564027,
            "genderId": 1,
            "isNotVarsity": false,
            "matchTeams": [
              {
                "id": 2564027,
                "isWinner": true,
                "players": [
                  {
                    "id": 166064,
                    "firstName": "Ben",
                    "lastName": "Turek",
                    "grade": "11",
                    "genderId": 1,
                    "schoolId": 124825,
                    "updatedAt": "2025-06-18T18:37:50.000Z",
                    "graduatedDate": null,
                    "school": {
                      "name": "Cascade Christian ",
                      "logo": "school_124825.png"
                    },
                    "matchTeamPlayer": {
                      "position": 1
                    }
                  }
                ]
              },
              {
                "id": 2564028,
                "isWinner": false,
                "players": [
                  {
                    "id": 168258,
                    "firstName": "Hanz ",
                    "lastName": "Lewis",
                    "grade": "11",
                    "genderId": 1,
                    "schoolId": 74934,
                    "updatedAt": "2025-06-18T18:37:50.000Z",
                    "graduatedDate": null,
                    "school": {
                      "name": "Creswell",
                      "logo": "school_74934.png"
                    },
                    "matchTeamPlayer": {
                      "position": 1
                    }
                  }
                ]
              }
            ]
          },
          {
            "sets": [
              {
                "2564035": 8,
                "2564036": 3,
                "number": 1,
                "tie": null
              }
            ],
            "id": 1282051,
            "flight": "3",
            "matchType": "Singles",
            "finish": null,
            "winnerTeamId": 2564035,
            "genderId": 1,
            "isNotVarsity": false,
            "matchTeams": [
              {
                "id": 2564035,
                "isWinner": true,
                "players": [
                  {
                    "id": 144441,
                    "firstName": "Dawson",
                    "lastName": "Murphy",
                    "grade": "11",
                    "genderId": 1,
                    "schoolId": 124825,
                    "updatedAt": "2025-06-18T18:37:50.000Z",
                    "graduatedDate": null,
                    "school": {
                      "name": "Cascade Christian ",
                      "logo": "school_124825.png"
                    },
                    "matchTeamPlayer": {
                      "position": 1
                    }
                  }
                ]
              },
              {
                "id": 2564036,
                "isWinner": false,
                "players": [
                  {
                    "id": 168259,
                    "firstName": "Titan",
                    "lastName": "Nguyen",
                    "grade": "11",
                    "genderId": 1,
                    "schoolId": 74934,
                    "updatedAt": "2025-06-18T18:37:50.000Z",
                    "graduatedDate": null,
                    "school": {
                      "name": "Creswell",
                      "logo": "school_74934.png"
                    },
                    "matchTeamPlayer": {
                      "position": 1
                    }
                  }
                ]
              }
            ]
          }
        ]
      },
      "event": null
    },
    {
      "id": 189006,
      "title": "Creswell at JC ",
      "meetDateTime": "2025-04-01T07:00:00.000Z",
      "postSeason": true,
      "approveMeet": true,
      "eventId": null,
      "winnerSchoolId": null,
      "coach": {
        "schoolId": 75188,
        "firstName": "Ty",
        "lastName": "Misialek",
        "genderId": 1,
        "email": "tymisialek3@gmail.com",
        "phone": "(222) 222-3333",
        "school": {
          "name": "Junction City",
          "logo": "school_75188.png"
        }
      },
      "schools": {
        "winners": [
          {
            "id": 74934,
            "name": "Creswell",
            "logo": "school_74934.png",
            "score": 2,
            "winnerSchoolId": null
          }
        ],
        "losers": [
          {
            "id": 75188,
            "name": "Junction City",
            "logo": "school_75188.png",
            "score": 2,
            "winnerSchoolId": null
          }
        ]
      },
      "matches": {
        "Singles": [
          {
            "sets": [
              {
                "2496567": 6,
                "2496568": 2,
                "number": 1,
                "tie": null
              },
              {
                "2496567": 2,
                "2496568": 6,
                "number": 2,
                "tie": null
              },
              {
                "2496567": 2,
                "2496568": 6,
                "number": 3,
                "tie": null
              }
            ],
            "id": 1248317,
            "flight": "1",
            "matchType": "Singles",
            "finish": null,
            "winnerTeamId": 2496568,
            "genderId": 1,
            "isNotVarsity": false,
            "matchTeams": [
              {
                "id": 2496567,
                "isWinner": false,
                "players": [
                  {
                    "id": 165246,
                    "firstName": "Aden",
                    "lastName": "McNamar",
                    "grade": "12",
                    "genderId": 1,
                    "schoolId": 75188,
                    "updatedAt": "2025-06-18T18:37:50.000Z",
                    "graduatedDate": null,
                    "school": {
                      "name": "Junction City",
                      "logo": "school_75188.png"
                    },
                    "matchTeamPlayer": {
                      "position": 1
                    }
                  }
                ]
              },
              {
                "id": 2496568,
                "isWinner": true,
                "players": [
                  {
                    "id": 108646,
                    "firstName": "Joseph",
                    "lastName": "Lewis",
                    "grade": "Graduated",
                    "genderId": 1,
                    "schoolId": 74934,
                    "updatedAt": "2025-06-18T18:37:50.000Z",
                    "graduatedDate": "2025-06-18T18:44:19.000Z",
                    "school": {
                      "name": "Creswell",
                      "logo": "school_74934.png"
                    },
                    "matchTeamPlayer": {
                      "position": 1
                    }
                  }
                ]
              }
            ]
          },
          {
            "sets": [
              {
                "2500113": 5,
                "2500114": 7,
                "number": 1,
                "tie": null
              },
              {
                "2500113": 6,
                "2500114": 7,
                "number": 2,
                "tie": 2
              }
            ],
            "id": 1250090,
            "flight": "2",
            "matchType": "Singles",
            "finish": null,
            "winnerTeamId": 2500114,
            "genderId": 1,
            "isNotVarsity": false,
            "matchTeams": [
              {
                "id": 2500113,
                "isWinner": false,
                "players": [
                  {
                    "id": 165247,
                    "firstName": "Jacob",
                    "lastName": "Jacobsen",
                    "grade": "Graduated",
                    "genderId": 1,
                    "schoolId": 75188,
                    "updatedAt": "2025-06-18T18:37:50.000Z",
                    "graduatedDate": "2025-06-18T18:44:19.000Z",
                    "school": {
                      "name": "Junction City",
                      "logo": "school_75188.png"
                    },
                    "matchTeamPlayer": {
                      "position": 1
                    }
                  }
                ]
              },
              {
                "id": 2500114,
                "isWinner": true,
                "players": [
                  {
                    "id": 168258,
                    "firstName": "Hanz ",
                    "lastName": "Lewis",
                    "grade": "11",
                    "genderId": 1,
                    "schoolId": 74934,
                    "updatedAt": "2025-06-18T18:37:50.000Z",
                    "graduatedDate": null,
                    "school": {
                      "name": "Creswell",
                      "logo": "school_74934.png"
                    },
                    "matchTeamPlayer": {
                      "position": 1
                    }
                  }
                ]
              }
            ]
          },
          {
            "sets": [
              {
                "2500117": 6,
                "2500118": 4,
                "number": 1,
                "tie": null
              },
              {
                "2500117": 4,
                "2500118": 6,
                "number": 2,
                "tie": null
              },
              {
                "2500117": 1,
                "2500118": 0,
                "number": 3,
                "tie": 6
              }
            ],
            "id": 1250092,
            "flight": "3",
            "matchType": "Singles",
            "finish": null,
            "winnerTeamId": 2500117,
            "genderId": 1,
            "isNotVarsity": false,
            "matchTeams": [
              {
                "id": 2500117,
                "isWinner": true,
                "players": [
                  {
                    "id": 165248,
                    "firstName": "Staton",
                    "lastName": "Barnes",
                    "grade": "12",
                    "genderId": 1,
                    "schoolId": 75188,
                    "updatedAt": "2025-06-18T18:37:50.000Z",
                    "graduatedDate": null,
                    "school": {
                      "name": "Junction City",
                      "logo": "school_75188.png"
                    },
                    "matchTeamPlayer": {
                      "position": 1
                    }
                  }
                ]
              },
              {
                "id": 2500118,
                "isWinner": false,
                "players": [
                  {
                    "id": 168259,
                    "firstName": "Titan",
                    "lastName": "Nguyen",
                    "grade": "11",
                    "genderId": 1,
                    "schoolId": 74934,
                    "updatedAt": "2025-06-18T18:37:50.000Z",
                    "graduatedDate": null,
                    "school": {
                      "name": "Creswell",
                      "logo": "school_74934.png"
                    },
                    "matchTeamPlayer": {
                      "position": 1
                    }
                  }
                ]
              }
            ]
          }
        ]
      },
      "event": null
    }
  ]
}