{
  "school": {
    "id": 7070618,
    "name": "Riverside (West Linn - Wilsonville)",
    "address": "22210 SW Stafford Road  Tualatin, OR ",
    "zipCode": "97062",
    "lowestGrade": "6",
    "highestGrade": "12",
    "encryptedUri": null,
    "expireDate": null,
    "logo": "school_7070618.png",
    "createdAt": "2024-05-05T19:34:22.000Z",
    "updatedAt": "2026-01-15T15:49:53.000Z",
    "deletedAt": null,
    "cityId": 19518,
    "city": {
      "id": 19518,
      "name": "West linn",
      "stateId": 46,
      "state": {
        "name": "Oregon",
        "abbr": "OR"
      }
    }
  },
  "coaches": [
    {
      "id": 4002,
      "firstName": "James",
      "lastName": "Shishedo",
      "address": "x",
      "phone": "(503) 551-6773",
      "email": "shishidj@wlwv.k12.or.us",
      "division": "3",
      "schoolId": 7070618,
      "genderId": 2
    }
  ],
  "overallRecord": {
    "win": 0,
    "loss": 0,
    "tie": 0
  },
  "meets": [
    {
      "id": 198308,
      "title": "Event (SD 1,2,3/5A-1&3/6A-3&4-Girls). 4A/3A/2A/1A-SD1   ",
      "meetDateTime": "2025-05-13T01:08:10.000Z",
      "postSeason": true,
      "approveMeet": true,
      "eventId": 645,
      "winnerSchoolId": null,
      "coach": null,
      "schools": {
        "winners": [
          {
            "id": 124884,
            "name": "Oregon Episcopal School",
            "logo": "school_124884.png",
            "score": 23,
            "winnerSchoolId": null
          }
        ],
        "losers": [
          {
            "id": 124656,
            "name": "Valley Catholic School",
            "logo": "school_124656.png",
            "score": 10,
            "winnerSchoolId": null
          },
          {
            "id": 124895,
            "name": "Catlin Gabel School",
            "logo": "school_124895.png",
            "score": 10,
            "winnerSchoolId": null
          },
          {
            "id": 75619,
            "name": "Riverdale",
            "logo": "school_75619.png",
            "score": 6,
            "winnerSchoolId": null
          },
          {
            "id": 75818,
            "name": "St Helens",
            "logo": "school_75818.png",
            "score": 6,
            "winnerSchoolId": null
          },
          {
            "id": 7070593,
            "name": "Trinity Academy",
            "logo": "school_7070593.png",
            "score": 6,
            "winnerSchoolId": null
          },
          {
            "id": 75720,
            "name": "Scappoose",
            "logo": "school_75720.png",
            "score": 5,
            "winnerSchoolId": null
          },
          {
            "id": 124802,
            "name": "Westside Christian High School",
            "logo": "school_124802.png",
            "score": 5,
            "winnerSchoolId": null
          },
          {
            "id": 124983,
            "name": "Blanchet School",
            "logo": "school_124983.png",
            "score": 4,
            "winnerSchoolId": null
          },
          {
            "id": 75860,
            "name": "Tillamook",
            "logo": "school_75860.png",
            "score": 3,
            "winnerSchoolId": null
          },
          {
            "id": 7070618,
            "name": "Riverside (West Linn - Wilsonville)",
            "logo": "school_7070618.png",
            "score": 0,
            "winnerSchoolId": null
          }
        ]
      },
      "matches": {
        "Singles": [
          {
            "sets": [
              {
                "2660655": 2,
                "2660656": 6,
                "number": 1,
                "tie": null
              },
              {
                "2660655": 1,
                "2660656": 6,
                "number": 2,
                "tie": null
              }
            ],
            "id": 1330361,
            "flight": "1",
            "matchType": "Singles",
            "finish": null,
            "winnerTeamId": 2660656,
            "genderId": 2,
            "isNotVarsity": false,
            "matchTeams": [
              {
                "id": 2660655,
                "isWinner": false,
                "players": [
                  {
                    "id": 142089,
                    "firstName": "Kinzie",
                    "lastName": "Lazarus",
                    "grade": "11",
                    "genderId": 2,
                    "schoolId": 124983,
                    "updatedAt": "2025-06-18T18:37:50.000Z",
                    "graduatedDate": null,
                    "school": {
                      "name": "Blanchet School",
                      "logo": "school_124983.png"
                    },
                    "matchTeamPlayer": {
                      "position": 1
                    }
                  }
                ]
              },
              {
                "id": 2660656,
                "isWinner": true,
                "players": [
                  {
                    "id": 170243,
                    "firstName": "Adyson",
                    "lastName": "Bernstein",
                    "grade": "11",
                    "genderId": 2,
                    "schoolId": 124802,
                    "updatedAt": "2025-06-18T18:37:50.000Z",
                    "graduatedDate": null,
                    "school": {
                      "name": "Westside Christian High School",
                      "logo": "school_124802.png"
                    },
                    "matchTeamPlayer": {
                      "position": 1
                    }
                  }
                ]
              }
            ]
          },
          {
            "sets": [
              {
                "2660701": 1,
                "2660702": 6,
                "number": 1,
                "tie": null
              },
              {
                "2660701": 6,
                "2660702": 4,
                "number": 2,
                "tie": null
              },
              {
                "2660701": 6,
                "2660702": 2,
                "number": 3,
                "tie": null
              }
            ],
            "id": 1330384,
            "flight": "1",
            "matchType": "Singles",
            "finish": null,
            "winnerTeamId": 2660701,
            "genderId": 2,
            "isNotVarsity": false,
            "matchTeams": [
              {
                "id": 2660701,
                "isWinner": true,
                "players": [
                  {
                    "id": 123834,
                    "firstName": "Kasey",
                    "lastName": "Neaves",
                    "grade": "12",
                    "genderId": 2,
                    "schoolId": 75860,
                    "updatedAt": "2025-06-18T18:37:50.000Z",
                    "graduatedDate": null,
                    "school": {
                      "name": "Tillamook",
                      "logo": "school_75860.png"
                    },
                    "matchTeamPlayer": {
                      "position": 1
                    }
                  }
                ]
              },
              {
                "id": 2660702,
                "isWinner": false,
                "players": [
                  {
                    "id": 103880,
                    "firstName": "Trinity",
                    "lastName": "Claridge",
                    "grade": "Graduated",
                    "genderId": 2,
                    "schoolId": 75818,
                    "updatedAt": "2025-06-18T18:37:50.000Z",
                    "graduatedDate": "2025-06-18T18:44:19.000Z",
                    "school": {
                      "name": "St Helens",
                      "logo": "school_75818.png"
                    },
                    "matchTeamPlayer": {
                      "position": 1
                    }
                  }
                ]
              }
            ]
          },
          {
            "sets": [
              {
                "2660703": 4,
                "2660704": 6,
                "number": 1,
                "tie": null
              },
              {
                "2660703": 4,
                "2660704": 6,
                "number": 2,
                "tie": null
              }
            ],
            "id": 1330385,
            "flight": "1",
            "matchType": "Singles",
            "finish": null,
            "winnerTeamId": 2660704,
            "genderId": 2,
            "isNotVarsity": false,
            "matchTeams": [
              {
                "id": 2660703,
                "isWinner": false,
                "players": [
                  {
                    "id": 145638,
                    "firstName": "Violet",
                    "lastName": "Kozak",
                    "grade": "Graduated",
                    "genderId": 2,
                    "schoolId": 124895,
                    "updatedAt": "2025-06-18T18:37:50.000Z",
                    "graduatedDate": "2025-06-18T18:44:19.000Z",
                    "school": {
                      "name": "Catlin Gabel School",
                      "logo": "school_124895.png"
                    },
                    "matchTeamPlayer": {
                      "position": 1
                    }
                  }
                ]
              },
              {
                "id": 2660704,
                "isWinner": true,
                "players": [
                  {
                    "id": 170242,
                    "firstName": "Sophia",
                    "lastName": "Fisher",
                    "grade": "Graduated",
                    "genderId": 2,
                    "schoolId": 124802,
                    "updatedAt": "2025-06-18T18:37:50.000Z",
                    "graduatedDate": "2025-06-18T18:44:19.000Z",
                    "school": {
                      "name": "Westside Christian High School",
                      "logo": "school_124802.png"
                    },
                    "matchTeamPlayer": {
                      "position": 1
                    }
                  }
                ]
              }
            ]
          }
        ],
        "Doubles": [
          {
            "sets": [
              {
                "2661093": 6,
                "2661094": 0,
                "number": 1,
                "tie": null
              },
              {
                "2661093": 6,
                "2661094": 2,
                "number": 2,
                "tie": null
              }
            ],
            "id": 1330580,
            "flight": "1",
            "matchType": "Doubles",
            "finish": null,
            "winnerTeamId": 2661093,
            "genderId": 2,
            "isNotVarsity": false,
            "matchTeams": [
              {
                "id": 2661093,
                "isWinner": true,
                "players": [
                  {
                    "id": 167863,
                    "firstName": "Molli",
                    "lastName": "Burton",
                    "grade": "11",
                    "genderId": 2,
                    "schoolId": 75818,
                    "updatedAt": "2025-06-18T18:37:50.000Z",
                    "graduatedDate": null,
                    "school": {
                      "name": "St Helens",
                      "logo": "school_75818.png"
                    },
                    "matchTeamPlayer": {
                      "position": 2
                    }
                  },
                  {
                    "id": 167870,
                    "firstName": "June",
                    "lastName": "Monteleone",
                    "grade": "12",
                    "genderId": 2,
                    "schoolId": 75818,
                    "updatedAt": "2025-06-18T18:37:50.000Z",
                    "graduatedDate": null,
                    "school": {
                      "name": "St Helens",
                      "logo": "school_75818.png"
                    },
                    "matchTeamPlayer": {
                      "position": 1
                    }
                  }
                ]
              },
              {
                "id": 2661094,
                "isWinner": false,
                "players": [
                  {
                    "id": 144740,
                    "firstName": "Hannah",
                    "lastName": "Kidd",
                    "grade": "Graduated",
                    "genderId": 2,
                    "schoolId": 7070593,
                    "updatedAt": "2025-06-18T18:37:50.000Z",
                    "graduatedDate": "2025-06-18T18:44:19.000Z",
                    "school": {
                      "name": "Trinity Academy",
                      "logo": "school_7070593.png"
                    },
                    "matchTeamPlayer": {
                      "position": 1
                    }
                  },
                  {
                    "id": 144742,
                    "firstName": "Hannah",
                    "lastName": "Fabel",
                    "grade": "12",
                    "genderId": 2,
                    "schoolId": 7070593,
                    "updatedAt": "2025-06-18T18:37:50.000Z",
                    "graduatedDate": null,
                    "school": {
                      "name": "Trinity Academy",
                      "logo": "school_7070593.png"
                    },
                    "matchTeamPlayer": {
                      "position": 2
                    }
                  }
                ]
              }
            ]
          },
          {
            "sets": [
              {
                "2661179": 6,
                "2661180": 1,
                "number": 1,
                "tie": null
              },
              {
                "2661179": 6,
                "2661180": 3,
                "number": 2,
                "tie": null
              }
            ],
            "id": 1330623,
            "flight": "1",
            "matchType": "Doubles",
            "finish": null,
            "winnerTeamId": 2661179,
            "genderId": 2,
            "isNotVarsity": false,
            "matchTeams": [
              {
                "id": 2661179,
                "isWinner": true,
                "players": [
                  {
                    "id": 100331,
                    "firstName": "Sarah ",
                    "lastName": "Campbell",
                    "grade": "Graduated",
                    "genderId": 2,
                    "schoolId": 124802,
                    "updatedAt": "2025-06-18T18:37:50.000Z",
                    "graduatedDate": "2025-06-18T18:44:19.000Z",
                    "school": {
                      "name": "Westside Christian High School",
                      "logo": "school_124802.png"
                    },
                    "matchTeamPlayer": {
                      "position": 1
                    }
                  },
                  {
                    "id": 100332,
                    "firstName": "Hannah",
                    "lastName": "Le",
                    "grade": "Graduated",
                    "genderId": 2,
                    "schoolId": 124802,
                    "updatedAt": "2025-06-18T18:37:50.000Z",
                    "graduatedDate": "2025-06-18T18:44:19.000Z",
                    "school": {
                      "name": "Westside Christian High School",
                      "logo": "school_124802.png"
                    },
                    "matchTeamPlayer": {
                      "position": 2
                    }
                  }
                ]
              },
              {
                "id": 2661180,
                "isWinner": false,
                "players": [
                  {
                    "id": 163583,
                    "firstName": "Delilah",
                    "lastName": "Dang",
                    "grade": "12",
                    "genderId": 2,
                    "schoolId": 124983,
                    "updatedAt": "2025-06-18T18:37:50.000Z",
                    "graduatedDate": null,
                    "school": {
                      "name": "Blanchet School",
                      "logo": "school_124983.png"
                    },
                    "matchTeamPlayer": {
                      "position": 2
                    }
                  },
                  {
                    "id": 163587,
                    "firstName": "Nina",
                    "lastName": "Guhra",
                    "grade": "Graduated",
                    "genderId": 2,
                    "schoolId": 124983,
                    "updatedAt": "2025-06-18T18:37:50.000Z",
                    "graduatedDate": "2025-06-18T18:44:19.000Z",
                    "school": {
                      "name": "Blanchet School",
                      "logo": "school_124983.png"
                    },
                    "matchTeamPlayer": {
                      "position": 1
                    }
                  }
                ]
              }
            ]
          },
          {
            "sets": [
              {
                "2661183": 1,
                "2661184": 6,
                "number": 1,
                "tie": null
              },
              {
                "2661183": 2,
                "2661184": 6,
                "number": 2,
                "tie": null
              }
            ],
            "id": 1330625,
            "flight": "1",
            "matchType": "Doubles",
            "finish": null,
            "winnerTeamId": 2661184,
            "genderId": 2,
            "isNotVarsity": false,
            "matchTeams": [
              {
                "id": 2661183,
                "isWinner": false,
                "players": [
                  {
                    "id": 165223,
                    "firstName": "Yazmin",
                    "lastName": "Reyna Castillo",
                    "grade": "12",
                    "genderId": 2,
                    "schoolId": 75720,
                    "updatedAt": "2025-06-18T18:37:50.000Z",
                    "graduatedDate": null,
                    "school": {
                      "name": "Scappoose",
                      "logo": "school_75720.png"
                    },
                    "matchTeamPlayer": {
                      "position": 2
                    }
                  },
                  {
                    "id": 165234,
                    "firstName": "Yeleni",
                    "lastName": "Vasquez-Mejia",
                    "grade": "Graduated",
                    "genderId": 2,
                    "schoolId": 75720,
                    "updatedAt": "2025-06-18T18:37:50.000Z",
                    "graduatedDate": "2025-06-18T18:44:19.000Z",
                    "school": {
                      "name": "Scappoose",
                      "logo": "school_75720.png"
                    },
                    "matchTeamPlayer": {
                      "position": 1
                    }
                  }
                ]
              },
              {
                "id": 2661184,
                "isWinner": true,
                "players": [
                  {
                    "id": 144745,
                    "firstName": "Jennelle",
                    "lastName": "Allen",
                    "grade": "11",
                    "genderId": 2,
                    "schoolId": 7070593,
                    "updatedAt": "2025-06-18T18:37:50.000Z",
                    "graduatedDate": null,
                    "school": {
                      "name": "Trinity Academy",
                      "logo": "school_7070593.png"
                    },
                    "matchTeamPlayer": {
                      "position": 1
                    }
                  },
                  {
                    "id": 144749,
                    "firstName": "Charlotte",
                    "lastName": "Shreves",
                    "grade": "11",
                    "genderId": 2,
                    "schoolId": 7070593,
                    "updatedAt": "2025-06-18T18:37:50.000Z",
                    "graduatedDate": null,
                    "school": {
                      "name": "Trinity Academy",
                      "logo": "school_7070593.png"
                    },
                    "matchTeamPlayer": {
                      "position": 2
                    }
                  }
                ]
              }
            ]
          }
        ]
      },
      "event": {
        "id": 645,
        "bracketType": 32,
        "name": "SD 1,2,3/5A-1&3/6A-3&4-Girls",
        "logo": "event_645.jpeg"
      }
    }
  ]
}